-- MariaDB dump 10.17  Distrib 10.4.15-MariaDB, for Linux (x86_64)
--
-- Host: mysql.hostinger.ro    Database: u574849695_20
-- ------------------------------------------------------
-- Server version	10.4.15-MariaDB-cll-lve

/*!40101 SET @OLD_CHARACTER_SET_CLIENT=@@CHARACTER_SET_CLIENT */;
/*!40101 SET @OLD_CHARACTER_SET_RESULTS=@@CHARACTER_SET_RESULTS */;
/*!40101 SET @OLD_COLLATION_CONNECTION=@@COLLATION_CONNECTION */;
/*!40101 SET NAMES utf8mb4 */;
/*!40103 SET @OLD_TIME_ZONE=@@TIME_ZONE */;
/*!40103 SET TIME_ZONE='+00:00' */;
/*!40014 SET @OLD_UNIQUE_CHECKS=@@UNIQUE_CHECKS, UNIQUE_CHECKS=0 */;
/*!40014 SET @OLD_FOREIGN_KEY_CHECKS=@@FOREIGN_KEY_CHECKS, FOREIGN_KEY_CHECKS=0 */;
/*!40101 SET @OLD_SQL_MODE=@@SQL_MODE, SQL_MODE='NO_AUTO_VALUE_ON_ZERO' */;
/*!40111 SET @OLD_SQL_NOTES=@@SQL_NOTES, SQL_NOTES=0 */;

--
-- Table structure for table `communities`
--

DROP TABLE IF EXISTS `communities`;
/*!40101 SET @saved_cs_client     = @@character_set_client */;
/*!40101 SET character_set_client = utf8 */;
CREATE TABLE `communities` (
  `id` bigint(20) unsigned NOT NULL AUTO_INCREMENT,
  `name` varchar(150) COLLATE utf8mb4_unicode_ci DEFAULT NULL,
  `admin_user_id` bigint(20) unsigned NOT NULL,
  UNIQUE KEY `id` (`id`),
  KEY `communities_name_idx` (`name`),
  KEY `admin_user_id` (`admin_user_id`),
  CONSTRAINT `communities_ibfk_1` FOREIGN KEY (`admin_user_id`) REFERENCES `users` (`id`)
) ENGINE=InnoDB AUTO_INCREMENT=8 DEFAULT CHARSET=utf8mb4 COLLATE=utf8mb4_unicode_ci;
/*!40101 SET character_set_client = @saved_cs_client */;

--
-- Dumping data for table `communities`
--

LOCK TABLES `communities` WRITE;
/*!40000 ALTER TABLE `communities` DISABLE KEYS */;
INSERT INTO `communities` VALUES (1,'aperiam',1),(2,'est',2),(3,'accusantium',3),(4,'sequi',4),(5,'eaque',5),(6,'error',6),(7,'accusantium',7);
/*!40000 ALTER TABLE `communities` ENABLE KEYS */;
UNLOCK TABLES;

--
-- Table structure for table `friend_requests`
--

DROP TABLE IF EXISTS `friend_requests`;
/*!40101 SET @saved_cs_client     = @@character_set_client */;
/*!40101 SET character_set_client = utf8 */;
CREATE TABLE `friend_requests` (
  `initiator_user_id` bigint(20) unsigned NOT NULL,
  `target_user_id` bigint(20) unsigned NOT NULL,
  `status` enum('requested','approved','declined','unfriended') COLLATE utf8mb4_unicode_ci DEFAULT NULL,
  `requested_at` datetime DEFAULT current_timestamp(),
  `updated_at` datetime DEFAULT NULL ON UPDATE current_timestamp(),
  PRIMARY KEY (`initiator_user_id`,`target_user_id`),
  KEY `target_user_id` (`target_user_id`),
  CONSTRAINT `friend_requests_ibfk_1` FOREIGN KEY (`initiator_user_id`) REFERENCES `users` (`id`),
  CONSTRAINT `friend_requests_ibfk_2` FOREIGN KEY (`target_user_id`) REFERENCES `users` (`id`)
) ENGINE=InnoDB DEFAULT CHARSET=utf8mb4 COLLATE=utf8mb4_unicode_ci;
/*!40101 SET character_set_client = @saved_cs_client */;

--
-- Dumping data for table `friend_requests`
--

LOCK TABLES `friend_requests` WRITE;
/*!40000 ALTER TABLE `friend_requests` DISABLE KEYS */;
INSERT INTO `friend_requests` VALUES (1,1,'unfriended','1987-06-18 20:32:07','1991-06-05 10:16:20'),(2,2,'requested','1984-06-03 11:29:59','1974-01-06 18:37:07'),(3,3,'requested','1970-05-30 17:49:25','1982-07-27 05:48:11'),(4,4,'declined','2010-07-19 00:54:20','2009-07-14 05:32:56'),(5,5,'declined','1973-01-26 04:49:01','1976-11-29 04:17:57'),(6,6,'declined','1976-04-27 10:28:00','1978-12-28 14:25:16'),(7,7,'approved','1985-12-08 19:43:31','2007-04-08 21:31:09'),(8,8,'approved','1989-07-18 02:45:30','1985-05-06 21:33:02'),(9,9,'requested','1996-10-05 09:55:17','1997-11-02 18:02:30'),(10,10,'approved','2013-02-21 23:11:13','1985-09-22 17:43:58'),(11,11,'unfriended','1995-05-06 10:05:14','2018-05-03 08:05:44'),(12,12,'declined','1995-04-06 22:48:09','1985-01-08 19:30:16'),(13,13,'declined','1971-07-12 16:31:11','2005-04-29 00:36:23'),(14,14,'declined','1983-05-15 02:20:55','1982-11-27 17:04:34'),(15,15,'unfriended','1982-01-27 23:10:22','2009-04-19 19:39:22'),(16,16,'unfriended','2002-10-04 17:10:23','1996-09-24 13:11:10'),(17,17,'declined','1984-08-08 15:23:33','1992-02-22 05:03:56'),(18,18,'declined','1978-08-20 12:20:45','2014-01-18 11:27:53'),(19,19,'approved','2017-06-05 01:37:04','1993-04-08 21:52:10'),(20,20,'approved','2009-09-20 21:08:28','2003-03-08 03:28:47'),(21,21,'declined','1980-03-05 17:22:49','2005-06-08 17:27:48'),(22,22,'unfriended','2015-06-14 15:10:43','2016-04-11 08:05:02'),(23,23,'approved','2014-07-30 09:20:52','2011-02-21 08:31:51'),(24,24,'declined','2016-05-08 03:40:39','1989-11-15 01:05:16'),(25,25,'approved','1988-01-22 15:44:04','1987-05-17 00:12:26'),(26,26,'unfriended','1971-07-17 23:02:52','1999-02-17 20:43:04'),(27,27,'declined','1996-06-01 19:19:33','1971-02-24 23:27:11'),(28,28,'declined','2017-03-26 05:13:28','1999-07-11 23:18:24'),(29,29,'approved','1984-10-25 07:32:03','2014-08-04 18:20:50'),(30,30,'unfriended','1976-01-12 02:58:54','1999-12-11 08:45:06'),(31,31,'approved','2011-07-06 12:48:50','1975-11-22 15:04:21'),(32,32,'declined','2006-02-26 15:59:08','1984-05-03 04:56:43'),(33,33,'approved','2001-01-06 18:59:52','2006-08-25 13:45:45'),(34,34,'approved','2020-07-02 17:43:07','1980-03-13 13:18:16'),(35,35,'unfriended','2008-11-16 15:01:19','2021-06-18 22:06:48'),(36,36,'unfriended','2001-03-24 00:45:26','1983-03-20 16:41:04'),(37,37,'unfriended','1982-09-18 03:57:06','1996-10-25 04:19:25'),(38,38,'requested','2007-12-05 02:13:00','1982-03-17 22:47:09'),(39,39,'unfriended','2007-04-11 02:35:19','1985-05-14 03:52:39'),(40,40,'approved','1976-03-13 04:24:37','2018-06-14 23:08:34'),(41,41,'requested','2004-03-14 02:15:31','1981-08-14 15:20:42'),(42,42,'unfriended','2004-11-27 05:18:48','1981-11-05 06:19:05'),(43,43,'unfriended','1989-03-28 20:30:57','2010-11-05 14:34:54'),(44,44,'requested','1974-10-29 16:25:31','1971-07-08 07:43:02'),(45,45,'declined','2006-09-25 05:10:40','1979-01-31 06:29:39'),(46,46,'unfriended','2001-12-13 03:08:51','1981-01-18 13:28:28'),(47,47,'declined','2003-05-23 01:56:20','2005-04-05 12:48:46'),(48,48,'approved','1973-04-04 16:45:45','2000-09-13 00:17:18'),(49,49,'requested','2013-02-05 01:35:59','2020-11-18 05:28:51'),(50,50,'declined','2006-10-14 21:27:46','2021-04-07 22:27:00'),(51,51,'declined','2015-11-24 04:35:14','1981-04-02 15:34:40'),(52,52,'declined','2014-02-25 12:24:29','2004-12-25 14:30:41'),(53,53,'unfriended','2014-01-06 05:17:56','1977-05-13 00:42:51'),(54,54,'requested','1997-07-21 15:54:08','1986-01-13 10:53:26'),(55,55,'declined','1996-05-11 13:36:32','2017-10-22 03:38:38'),(56,56,'unfriended','1981-08-27 11:42:42','1994-08-29 12:40:52'),(57,57,'unfriended','1987-01-11 00:58:20','2000-06-21 23:59:22'),(58,58,'approved','1978-03-06 15:52:16','2019-02-03 02:34:51'),(59,59,'unfriended','1977-12-31 14:13:25','2000-06-16 16:38:46'),(60,60,'requested','1985-04-10 15:07:09','1983-03-15 12:02:15'),(61,61,'unfriended','1977-04-20 14:10:44','1991-02-12 05:18:17'),(62,62,'approved','2014-09-30 08:19:44','1973-02-26 03:33:22'),(63,63,'approved','1983-12-16 09:16:47','1989-06-23 09:03:12'),(64,64,'approved','1984-01-30 01:38:46','2013-02-23 16:41:18'),(65,65,'requested','1995-12-30 20:04:03','1984-04-22 15:42:53'),(66,66,'declined','2000-12-15 06:30:26','1971-06-01 16:52:20'),(67,67,'unfriended','1981-07-14 12:03:25','2004-08-19 05:38:56'),(68,68,'requested','1999-07-24 16:56:16','2009-06-17 21:14:21'),(69,69,'approved','1977-10-31 17:36:21','2015-09-18 02:32:37'),(70,70,'requested','2019-01-07 16:40:58','2001-09-16 21:18:15'),(71,71,'requested','1994-06-25 20:40:52','1974-02-08 12:32:21'),(72,72,'unfriended','1972-01-29 23:30:15','1979-06-08 15:37:47'),(73,73,'approved','1976-09-19 02:26:56','1980-06-16 16:11:56'),(74,74,'requested','2004-09-16 16:39:29','1981-09-23 10:03:10'),(75,75,'declined','2015-10-12 11:30:31','2003-09-12 01:30:02'),(76,76,'unfriended','1981-10-19 08:39:03','2005-12-21 20:14:50'),(77,77,'approved','1990-02-08 20:23:15','1977-06-07 17:24:46'),(78,78,'approved','1998-02-06 06:12:18','1988-07-24 13:08:07'),(79,79,'unfriended','2016-06-17 10:57:54','1989-09-17 23:56:43'),(80,80,'approved','2016-08-02 18:26:07','1981-04-10 07:32:56'),(81,81,'declined','1997-02-03 10:39:17','1975-02-16 06:43:06'),(82,82,'approved','1997-05-12 15:37:11','1984-05-27 04:44:35'),(83,83,'requested','1973-07-28 15:37:33','1985-02-18 07:29:25'),(84,84,'declined','1972-01-02 17:25:10','2011-03-02 06:11:05'),(85,85,'requested','2018-09-03 14:42:23','2005-09-22 12:52:51'),(86,86,'unfriended','2009-07-25 09:08:28','1985-03-06 10:04:48'),(87,87,'unfriended','2011-06-22 09:50:18','1978-04-09 04:12:33'),(88,88,'declined','1987-10-13 09:52:46','1989-06-03 07:08:59'),(89,89,'unfriended','2021-02-23 21:41:35','2017-02-26 14:32:17'),(90,90,'declined','1997-08-01 17:14:48','1978-06-12 19:41:25'),(91,91,'declined','2015-05-27 17:20:55','2017-07-12 01:34:47'),(92,92,'unfriended','2013-01-03 11:06:33','2018-12-21 05:44:47'),(93,93,'declined','2015-07-14 18:29:55','1985-10-17 15:51:22'),(94,94,'approved','1982-02-08 07:50:44','1988-11-16 13:38:54'),(95,95,'requested','1981-12-06 13:55:04','2012-04-17 14:07:41'),(96,96,'requested','2007-12-09 07:14:30','2011-09-24 21:06:02'),(97,97,'unfriended','1987-10-11 17:05:42','1985-03-23 21:18:27'),(98,98,'approved','1999-05-03 14:29:27','2018-12-01 01:15:41'),(99,99,'declined','1984-04-28 00:38:51','1984-07-02 17:54:49'),(100,100,'unfriended','2010-10-05 18:05:51','1993-02-02 11:12:14');
/*!40000 ALTER TABLE `friend_requests` ENABLE KEYS */;
UNLOCK TABLES;

--
-- Table structure for table `likes`
--

DROP TABLE IF EXISTS `likes`;
/*!40101 SET @saved_cs_client     = @@character_set_client */;
/*!40101 SET character_set_client = utf8 */;
CREATE TABLE `likes` (
  `id` bigint(20) unsigned NOT NULL AUTO_INCREMENT,
  `user_id` bigint(20) unsigned NOT NULL,
  `media_id` bigint(20) unsigned NOT NULL,
  `created_at` datetime DEFAULT current_timestamp(),
  UNIQUE KEY `id` (`id`)
) ENGINE=InnoDB AUTO_INCREMENT=101 DEFAULT CHARSET=utf8mb4 COLLATE=utf8mb4_unicode_ci;
/*!40101 SET character_set_client = @saved_cs_client */;

--
-- Dumping data for table `likes`
--

LOCK TABLES `likes` WRITE;
/*!40000 ALTER TABLE `likes` DISABLE KEYS */;
INSERT INTO `likes` VALUES (1,1,101,'2009-01-03 16:36:04'),(2,2,102,'2006-03-13 18:34:15'),(3,3,103,'1980-07-10 10:32:14'),(4,4,104,'1999-08-01 06:01:25'),(5,5,105,'2011-02-22 19:18:29'),(6,6,106,'1994-03-27 02:39:12'),(7,7,107,'1997-03-01 14:37:07'),(8,8,108,'1981-10-14 23:14:21'),(9,9,109,'2012-07-28 16:50:16'),(10,10,110,'1979-02-14 00:12:15'),(11,11,111,'1974-01-02 04:40:03'),(12,12,112,'1977-11-24 10:44:32'),(13,13,113,'1991-02-26 04:44:27'),(14,14,114,'1970-01-03 13:43:07'),(15,15,115,'2019-11-25 02:58:58'),(16,16,116,'1971-06-15 15:01:52'),(17,17,117,'2015-08-28 16:08:09'),(18,18,118,'1988-10-03 18:02:57'),(19,19,119,'2018-08-23 13:38:51'),(20,20,120,'1992-07-01 20:04:23'),(21,21,121,'2002-11-25 12:40:22'),(22,22,122,'2014-01-16 16:34:59'),(23,23,123,'2010-02-09 13:53:22'),(24,24,124,'1986-10-27 22:19:48'),(25,25,125,'1975-01-03 04:43:08'),(26,26,126,'1987-03-23 02:33:07'),(27,27,127,'1980-02-11 03:34:19'),(28,28,128,'1998-08-12 18:18:26'),(29,29,129,'2016-01-28 23:24:21'),(30,30,130,'2000-06-03 14:11:44'),(31,31,131,'1980-03-04 02:56:30'),(32,32,132,'1985-07-18 09:10:37'),(33,33,133,'1987-07-11 00:08:56'),(34,34,134,'1970-06-17 01:03:08'),(35,35,135,'1993-02-09 06:22:51'),(36,36,136,'2017-12-31 19:10:08'),(37,37,137,'1972-10-10 18:46:23'),(38,38,138,'1982-07-26 16:50:39'),(39,39,139,'2003-07-06 07:35:48'),(40,40,140,'1990-02-26 22:14:24'),(41,41,141,'2002-11-27 13:13:29'),(42,42,142,'1979-04-14 14:20:08'),(43,43,143,'1980-04-03 02:52:22'),(44,44,144,'2007-02-13 18:23:06'),(45,45,145,'1980-10-03 23:05:15'),(46,46,146,'1974-12-23 20:50:30'),(47,47,147,'1992-11-21 09:33:07'),(48,48,148,'1983-02-04 20:53:01'),(49,49,149,'1979-03-13 07:17:20'),(50,50,150,'1973-01-31 07:13:02'),(51,51,151,'1988-04-01 08:01:11'),(52,52,152,'1976-09-05 08:21:04'),(53,53,153,'1972-06-16 23:20:38'),(54,54,154,'1971-02-02 16:19:41'),(55,55,155,'2017-10-21 19:50:25'),(56,56,156,'2019-09-29 01:50:45'),(57,57,157,'1979-06-25 00:20:17'),(58,58,158,'2011-11-13 02:27:27'),(59,59,159,'1972-07-12 09:13:41'),(60,60,160,'1987-01-12 21:14:57'),(61,61,161,'1997-08-06 21:17:18'),(62,62,162,'1991-07-31 02:03:37'),(63,63,163,'1976-03-30 05:52:54'),(64,64,164,'2021-03-21 23:15:58'),(65,65,165,'1972-11-16 09:27:19'),(66,66,166,'1973-04-24 20:54:35'),(67,67,167,'1989-01-06 00:27:52'),(68,68,168,'2001-06-30 10:11:14'),(69,69,169,'1970-03-29 02:34:46'),(70,70,170,'2016-07-18 03:34:22'),(71,71,171,'1978-02-11 18:23:22'),(72,72,172,'1971-04-02 04:23:21'),(73,73,173,'2014-05-10 14:13:11'),(74,74,174,'1982-10-14 18:32:04'),(75,75,175,'2016-09-15 05:31:44'),(76,76,176,'2007-12-04 10:07:36'),(77,77,177,'2017-04-11 22:21:10'),(78,78,178,'1986-01-19 04:21:10'),(79,79,179,'2013-04-26 12:27:23'),(80,80,180,'1971-01-18 20:13:50'),(81,81,181,'1987-11-04 14:36:35'),(82,82,182,'2009-07-27 15:45:09'),(83,83,183,'2014-04-18 09:41:41'),(84,84,184,'1997-10-12 22:33:27'),(85,85,185,'2013-02-04 06:38:13'),(86,86,186,'1992-07-17 10:52:49'),(87,87,187,'2000-12-10 22:58:54'),(88,88,188,'2003-11-22 20:06:29'),(89,89,189,'1996-05-22 08:20:16'),(90,90,190,'1989-11-04 21:35:58'),(91,91,101,'1973-09-03 13:41:50'),(92,92,102,'2017-08-18 19:34:49'),(93,93,103,'2017-03-25 06:51:01'),(94,94,104,'2020-10-13 10:34:55'),(95,95,105,'2011-01-11 05:02:13'),(96,96,106,'2017-11-17 22:55:08'),(97,97,107,'1996-09-10 22:22:44'),(98,98,108,'1998-06-15 07:13:22'),(99,99,109,'1989-12-17 07:04:20'),(100,100,110,'1982-11-23 06:38:53');
/*!40000 ALTER TABLE `likes` ENABLE KEYS */;
UNLOCK TABLES;

--
-- Table structure for table `media`
--

DROP TABLE IF EXISTS `media`;
/*!40101 SET @saved_cs_client     = @@character_set_client */;
/*!40101 SET character_set_client = utf8 */;
CREATE TABLE `media` (
  `id` bigint(20) unsigned NOT NULL AUTO_INCREMENT,
  `media_type_id` bigint(20) unsigned NOT NULL,
  `user_id` bigint(20) unsigned NOT NULL,
  `body` text COLLATE utf8mb4_unicode_ci DEFAULT NULL,
  `filename` varchar(255) COLLATE utf8mb4_unicode_ci DEFAULT NULL,
  `size` int(11) DEFAULT NULL,
  `metadata` longtext CHARACTER SET utf8mb4 COLLATE utf8mb4_bin DEFAULT NULL CHECK (json_valid(`metadata`)),
  `created_at` datetime DEFAULT current_timestamp(),
  `updated_at` datetime DEFAULT NULL ON UPDATE current_timestamp(),
  UNIQUE KEY `id` (`id`),
  KEY `user_id` (`user_id`),
  KEY `media_type_id` (`media_type_id`),
  CONSTRAINT `media_ibfk_1` FOREIGN KEY (`user_id`) REFERENCES `users` (`id`),
  CONSTRAINT `media_ibfk_2` FOREIGN KEY (`media_type_id`) REFERENCES `media_types` (`id`)
) ENGINE=InnoDB AUTO_INCREMENT=191 DEFAULT CHARSET=utf8mb4 COLLATE=utf8mb4_unicode_ci;
/*!40101 SET character_set_client = @saved_cs_client */;

--
-- Dumping data for table `media`
--

LOCK TABLES `media` WRITE;
/*!40000 ALTER TABLE `media` DISABLE KEYS */;
INSERT INTO `media` VALUES (101,1,1,'Beatae debitis qui sapiente amet sint. Magnam dolorum neque deserunt magni consequatur. Recusandae eius quia voluptatem officia eos quis. Commodi eius fugit officia nihil dicta similique.','deserunt',76575304,'540','2017-04-28 19:06:17','2000-09-10 05:12:11'),(102,2,2,'Aut accusantium maxime quos aut. Expedita atque commodi quos voluptatum vero sunt. Aut cupiditate quasi laborum harum enim aut sed.','et',0,'606','1989-01-05 18:32:26','1983-11-08 10:26:52'),(103,3,3,'Debitis reiciendis explicabo consectetur nam nulla nulla qui. Voluptas quia velit at libero voluptatibus eum. Asperiores numquam laborum rerum minus. Dolor sunt labore omnis quia velit. Qui quis veniam laboriosam recusandae est mollitia aut.','voluptas',1188,'400','1986-07-16 04:49:01','1992-04-04 23:59:47'),(104,4,4,'Iusto eaque laudantium velit quia. Sed aliquid quo sequi consequatur. Aut illo voluptatem quam fugiat odit nemo dolore. Veritatis vel est assumenda et aut non. Error consectetur tempore quae tempore dolore placeat.','officiis',76,'483','1989-06-12 18:22:06','1975-11-30 03:00:19'),(105,5,5,'Nam aut qui id qui. Soluta aut ipsa at rem. Consequatur sit et laudantium hic enim.','modi',2303,'402','1989-09-06 06:05:01','2012-06-06 21:56:44'),(106,6,6,'Et at consectetur natus et et. Magni tempora et rerum culpa qui officiis pariatur et. Nihil accusamus quo occaecati. Explicabo tenetur soluta eaque cum et rem.','eaque',869082945,'229','1982-07-26 16:31:04','1992-11-01 22:09:56'),(107,7,7,'Dolorem quidem ut amet quasi qui quae quam nam. Nam veritatis repellat iure ratione. Eius rem impedit autem pariatur. Dolor similique aut ratione optio accusantium cumque quia.','eos',68,'360','1971-06-10 21:59:56','1984-06-16 14:25:51'),(108,8,8,'Et in quasi commodi quo. Officia in mollitia provident voluptas qui rerum inventore dolor. Voluptatem quia illum exercitationem incidunt culpa quasi. Cum cumque dolorem officia laborum eos est.','sunt',4,'398','1990-04-18 13:23:52','1991-02-05 19:46:33'),(109,9,9,'Harum distinctio enim esse qui impedit sed. Repellat soluta laborum iusto. Quo enim dolor voluptas voluptate nulla nesciunt vero quidem.','impedit',5599,'472','1995-03-05 13:02:00','1992-06-23 00:16:33'),(110,10,10,'Odit in sunt ipsa doloribus expedita distinctio. Aliquid omnis fuga nulla aut amet. Ab deleniti quia tenetur excepturi. Fugit eaque beatae voluptate numquam.','ratione',71,'731','2000-11-26 04:22:58','1976-10-30 16:51:33'),(111,1,11,'Provident maxime nemo rem. Velit et dolores ullam praesentium voluptatem enim et. Reprehenderit facere temporibus est sit. Laudantium quo aut nisi consequuntur. Ipsa rerum optio amet earum eveniet sunt magnam.','nesciunt',85676,'994','2015-08-06 21:40:43','2012-07-01 11:24:49'),(112,2,12,'Nobis qui numquam ipsa aut. Nam odio eos et illo aut aperiam voluptatem. Impedit vel sit voluptas. Incidunt sit qui optio aut in autem sequi excepturi.','quae',5127,'137','1985-06-25 05:45:45','1976-09-04 00:49:40'),(113,3,13,'Non tempora rerum veniam rerum dolorem aliquid. Sit nulla quisquam magnam. Sequi quos illum rerum labore et voluptas. Sunt alias perspiciatis dignissimos placeat. Ea aperiam provident omnis nulla non ab necessitatibus.','voluptatem',8,'985','1987-08-02 01:43:54','1973-12-05 23:47:12'),(114,4,14,'Et sunt tenetur minus. Porro aut laborum placeat autem porro. Qui ea ea alias. Eius velit velit aspernatur non et earum ea.','incidunt',5784,'431','1984-05-22 11:54:52','2018-10-19 00:39:40'),(115,5,15,'Est quia ut animi quas praesentium. Dignissimos dolore praesentium explicabo et maxime nemo sed. Sunt est in a est earum et repellendus deleniti. Doloremque repellendus voluptas quaerat facilis ab.','aliquam',4376,'926','2006-01-20 03:20:36','1995-12-23 03:13:44'),(116,6,16,'Provident quo voluptatem dignissimos rerum perspiciatis. Nulla dolorem qui consequatur voluptatibus eum. Et cumque pariatur ut autem dignissimos. Molestiae illum fugit enim officia.','unde',538,'373','2012-08-08 10:00:11','1984-11-02 09:57:26'),(117,7,17,'Voluptas minus non vero corrupti illo debitis. Nisi necessitatibus iure deserunt quo voluptatibus error. Aliquam magnam earum ut molestias omnis.','nam',541353,'991','1992-12-20 03:43:29','2018-02-13 17:46:42'),(118,8,18,'Ut qui quidem distinctio quibusdam et minima voluptatem occaecati. Odio qui possimus consequatur sed consequuntur. Voluptas inventore possimus qui quia facilis placeat sit. Iusto eaque asperiores quasi ut provident.','maxime',298957,'563','1983-03-23 04:22:02','2015-05-28 12:42:41'),(119,9,19,'Voluptatem ab vel minima voluptatum enim asperiores. Voluptatem dolores qui nulla occaecati amet et iure. Inventore sapiente praesentium id possimus quaerat est cumque. Dignissimos voluptatibus voluptatem quae eos consequatur necessitatibus delectus.','aut',59416,'231','1982-11-03 18:56:02','2018-08-13 18:07:52'),(120,1,21,'Aut id laudantium et recusandae. Explicabo aut omnis ea ut quia. Aut sunt repudiandae qui. Velit ratione magnam autem debitis dicta et.','architecto',761,'451','2020-04-09 05:30:04','2016-05-13 02:30:11'),(121,2,22,'Nihil eum facilis doloremque. Quod illum eum illum ea.','quis',3527,'485','2006-01-21 16:07:14','1996-07-03 03:59:00'),(122,3,23,'Officiis aut sint explicabo maiores ipsam ut. Possimus repellendus quasi accusamus totam amet laborum numquam corrupti. Voluptas commodi autem iusto illum. Autem exercitationem consequuntur sit omnis libero debitis. Sit distinctio vero distinctio dolorem ratione aut et.','nemo',9340831,'806','1997-04-29 01:10:16','2007-01-22 23:54:33'),(123,4,24,'Ut quia libero quasi inventore. Blanditiis soluta voluptas est ipsum dolore suscipit dolores voluptatem. Itaque dolores error qui ipsum. Quia libero doloribus quia odio molestiae in inventore.','voluptatem',3,'612','1975-01-05 16:08:31','2021-08-16 19:58:20'),(124,5,25,'Impedit in vel a eligendi. Velit et id aut perferendis fugit. Quidem odio ut recusandae enim neque. Et nisi dolor est molestias beatae qui. Vero ut distinctio voluptatem voluptatem quo impedit voluptas.','ipsam',3,'655','1984-02-29 08:25:48','1970-11-09 00:06:20'),(125,6,26,'Quo ab repellendus illo ex eaque dignissimos. Delectus magnam reiciendis repudiandae cumque vitae.','vel',41,'759','1980-04-08 23:16:55','1987-03-23 18:56:59'),(126,7,27,'Porro qui numquam culpa. Adipisci qui maxime culpa cum et eum voluptatem. Praesentium assumenda qui qui beatae tempore molestiae.','voluptatem',0,'362','2011-11-07 14:50:18','1984-02-07 10:20:26'),(127,8,28,'Est explicabo omnis asperiores maxime rem. Qui ipsa fugiat commodi atque ut. Ipsum repudiandae ipsum eius quos recusandae amet.','nesciunt',5796127,'411','2004-06-09 22:26:56','2016-01-04 04:15:45'),(128,9,29,'Non voluptas itaque minus. Beatae tempora ut illum. Dolorem qui doloremque quis consequatur porro. Tempore nesciunt provident fuga facere.','et',1,'295','1995-09-05 16:22:47','2008-06-25 18:38:34'),(129,10,30,'Velit dicta facere hic. Enim doloribus labore enim ea. Perferendis architecto quis quia quaerat.','earum',672,'601','1987-07-26 15:12:40','1988-05-07 09:50:31'),(130,2,32,'Possimus voluptatem asperiores provident consequatur. Nisi ad neque omnis dicta. Sapiente facilis veritatis consequatur aliquid culpa tempora.','sed',27174514,'573','1990-10-08 12:27:07','2002-03-01 12:33:23'),(131,3,33,'Doloribus facilis adipisci non est. Ratione voluptatem qui magnam explicabo. Voluptatum maxime ut qui fuga. Repellat est et at ut sit eaque.','voluptates',47695,'229','2017-09-07 21:39:16','1972-03-11 02:43:10'),(132,4,34,'Commodi aut odit veritatis totam eligendi id aut accusantium. Perferendis aut eaque omnis est possimus voluptas. Iusto et nostrum delectus culpa. Numquam reprehenderit saepe consequatur consequuntur tenetur est quo illum.','rerum',76299,'726','1991-10-16 09:42:47','1980-05-15 11:12:53'),(133,6,36,'Saepe perferendis assumenda autem qui sit laboriosam rerum. Maxime quo qui repellendus et esse quod. Amet ea exercitationem quas iure voluptatem eveniet. Sapiente voluptas ab non quaerat alias accusantium.','quia',742,'799','2012-04-18 02:57:13','2021-08-05 02:25:59'),(134,7,37,'Dolorem error laboriosam autem magni harum dolores. Voluptatem atque minus non modi autem odit exercitationem. Nesciunt in veniam corporis laborum voluptatem ut et. Tenetur exercitationem voluptates et nihil.','aliquid',6641894,'438','2005-06-25 11:01:18','2021-03-20 02:58:40'),(135,8,38,'Cupiditate eum amet sunt dolores. Sequi rerum quasi sed sit quo quisquam. Tenetur enim quidem fugit non repellendus numquam. Neque qui vero eos est pariatur odit facilis.','ea',434122987,'635','1996-12-08 23:15:59','2014-04-18 05:07:34'),(136,9,39,'Cum labore id repellat tempora ea. Quasi quia facilis dolorem. Ut impedit quos enim ducimus quia. Nisi quas optio magni alias doloribus.','ea',43168628,'783','2019-11-11 23:35:44','1971-09-09 05:13:11'),(137,10,40,'Architecto praesentium accusamus voluptatem ut impedit repudiandae. Debitis eum voluptatem laborum molestiae fuga vero inventore. Odit libero consequatur inventore aut. Quis sed dicta ut nulla assumenda facere molestias ut.','aut',150996974,'923','1987-06-02 20:31:53','1995-10-20 23:11:42'),(138,1,41,'Doloremque qui ea veniam accusantium eius. Perferendis quia facere inventore. Et praesentium impedit fuga aut.','odio',80737,'643','2001-01-07 17:12:02','2010-05-04 11:09:04'),(139,2,42,'Eveniet aut voluptas corporis et vel delectus. Nobis ducimus quisquam iusto. Placeat quae quae quibusdam dolores minima est provident optio. Iure id dolor adipisci quaerat consequatur magni assumenda nihil.','laborum',920,'747','1989-09-26 10:44:27','1986-11-20 19:01:30'),(140,3,43,'Perspiciatis voluptas sapiente eos consequatur molestiae. Minus dolor natus ut atque sit voluptatum.','omnis',42,'159','2008-05-26 13:26:12','2010-05-11 11:42:07'),(141,4,44,'Tempore sed labore sint repellat porro voluptates. In nobis veniam minus. Vero eius mollitia et sint ipsam quae minus. Corporis rerum sed laborum recusandae illum aut sed.','est',75170,'584','1988-08-30 20:58:34','1976-09-06 02:58:40'),(142,5,45,'Tenetur ut aut et quis. Error consequatur officiis architecto eius tenetur molestiae saepe. Officia porro rem totam quia sed.','repellat',34,'877','1984-03-02 15:19:58','1970-04-27 07:04:58'),(143,7,47,'Eos ipsa necessitatibus voluptatem sint asperiores nihil eum. Velit qui amet consectetur placeat magni sed similique. Possimus magnam possimus ullam repellat velit. Laboriosam voluptas autem sunt quia sint.','voluptatem',37,'896','1988-09-13 18:17:09','1974-11-11 21:30:02'),(144,8,48,'Quisquam autem et nihil vero. Reprehenderit qui rerum vero dolore incidunt. Non quam ex tempora reiciendis error eum illum.','veniam',12795,'783','1973-03-06 11:52:11','1981-06-16 22:52:24'),(145,9,49,'Ea sit earum et quas facere. Sit placeat numquam tempore soluta aut ipsum ut.','quas',60923,'528','1970-07-29 12:45:46','2007-02-06 01:16:13'),(146,10,50,'Dolor sapiente unde totam consequatur. Error quidem quidem cum rerum voluptatibus neque error et. Nesciunt similique perferendis occaecati.','repellendus',80,'165','2007-03-19 13:55:52','1978-12-29 23:17:39'),(147,1,51,'Possimus debitis omnis eos ipsam sequi eligendi quas. Rem ut ut dignissimos saepe ea nobis. Ipsum aut qui et cum minus porro labore.','mollitia',229851229,'406','1995-01-10 11:43:58','1984-06-11 18:44:18'),(148,2,52,'Et dolorum quos repellendus pariatur fugiat nihil dicta voluptatem. Esse maxime inventore adipisci perspiciatis ut quidem porro exercitationem.','quas',0,'432','1996-03-05 14:38:33','1983-05-19 01:24:33'),(149,3,53,'Incidunt omnis expedita dolor occaecati quidem dolore aut. Omnis voluptas beatae id veniam ea porro. Voluptas adipisci voluptas dolorem qui et cupiditate. Est sint eos quod reprehenderit enim dolorem.','illo',94,'960','1979-08-09 21:17:09','1986-12-08 04:54:14'),(150,4,54,'Sint aut ipsum necessitatibus ratione autem. Fuga porro aut enim inventore harum nobis consequatur.','laborum',6340,'513','2005-08-29 11:52:01','1976-09-26 00:13:34'),(151,5,55,'Omnis similique deserunt vitae commodi sed. Dolorem architecto unde omnis eum. Sequi dolor dolore mollitia debitis voluptatem.','enim',10220,'362','1976-11-17 16:52:57','1983-03-25 19:13:49'),(152,6,56,'Veritatis ut aut culpa. Non non ex placeat minima dolores et facilis. Aut nihil deleniti rerum ipsa. Eaque reprehenderit non labore nisi tenetur qui.','nemo',414649058,'429','2013-06-10 10:11:32','2007-12-03 15:07:11'),(153,7,57,'Suscipit tenetur suscipit animi quidem. Autem dolorem ducimus dolores eos et culpa veniam. Accusamus aut et corrupti incidunt autem impedit.','suscipit',28931076,'437','2003-10-11 01:26:37','1973-09-07 04:51:14'),(154,9,59,'Veniam dolor odit quis. Ratione ducimus autem dolorum aut voluptas quo provident. Atque qui molestiae dolor enim quae id repellendus.','eos',142164707,'466','1977-10-03 12:56:26','1998-09-21 07:15:48'),(155,10,60,'Perspiciatis itaque hic sit autem vel aperiam. Sed facere velit laboriosam nesciunt dolores sed. Dolor beatae aut omnis dignissimos odit similique aut non. Quo qui officia numquam aut voluptatem accusantium.','debitis',0,'783','1989-12-29 03:06:29','1982-08-03 16:53:19'),(156,1,61,'Ut voluptates maiores nobis enim dolores sit. Alias dolores quis sit. Sapiente neque omnis quia.','officia',8850976,'274','1990-07-08 02:10:14','1995-01-07 12:59:54'),(157,2,62,'Neque cum quia nemo illum est. Sint atque sint dolorem velit rerum aut.','quia',446283,'255','1992-02-21 06:41:15','1973-09-15 05:59:00'),(158,3,63,'Tenetur dolorem expedita est corporis voluptatum et enim sapiente. Minus sint voluptas impedit ullam. Cumque et nisi hic error quidem. Eos consequuntur natus a praesentium. Natus asperiores temporibus ut maxime id quam sunt.','vitae',29,'499','1992-06-05 10:11:59','2013-08-02 20:24:23'),(159,4,64,'Laudantium sint provident repellendus aliquid ullam in accusantium. Qui eveniet ut natus et voluptate rerum. Odit magnam dolor ipsam et ut saepe amet eos. Recusandae similique ipsa soluta dolore sit culpa quia.','ut',633418,'724','2003-06-08 01:54:06','2012-04-15 23:53:00'),(160,5,65,'Quidem molestiae quasi blanditiis sequi consequuntur et. Deleniti odio iusto enim omnis error ipsam officiis. Enim nobis tenetur dolorem est ipsam totam omnis dolorem. Blanditiis consequatur vel quaerat quo aut mollitia.','rerum',1180,'152','1994-07-27 00:48:05','2014-12-14 13:29:05'),(161,6,66,'Et cumque velit dicta enim. Similique voluptates tempora consequatur et soluta sit rerum. Est cum ut sunt recusandae.','perspiciatis',56,'679','2016-02-24 23:49:09','1986-11-21 22:22:00'),(162,7,67,'Quasi eum dolorem et quis amet necessitatibus. Aperiam quia libero aut. Et eius explicabo et sed at est provident. Odit repudiandae perferendis earum quas labore porro molestiae. Aut sunt enim excepturi accusamus nihil.','tempora',92412337,'259','2004-04-30 20:20:04','1998-11-20 00:12:17'),(163,8,68,'Sint ullam odit porro rerum. Soluta animi sunt rerum natus et delectus. Possimus fugiat qui excepturi consequatur illo debitis. Voluptatibus expedita illo cum magni voluptatibus rerum.','sint',98581,'427','1982-07-23 13:34:25','1999-09-12 13:02:53'),(164,9,69,'Similique enim enim et eligendi. Neque natus at id sint voluptatem eos. Cumque est illo quaerat possimus rerum. Aut voluptas ex mollitia vel molestiae quidem.','sint',0,'784','1975-12-25 01:21:15','2021-02-07 16:29:22'),(165,10,70,'Et dolorum veniam itaque dolorem ut odio omnis. Tempore voluptates id dicta iusto. Quisquam quas dolorum et ipsa ut vitae nemo. Et nihil sunt corporis repellat est vero.','nisi',550320,'122','2012-04-27 21:58:36','1980-04-11 10:02:06'),(166,1,71,'Aut sit non similique deserunt soluta sit exercitationem. Incidunt modi ipsam et ratione soluta unde. Aliquid omnis officiis libero officiis. Doloremque odit ut tenetur quos amet. Magni sint autem nulla id molestiae.','consectetur',207,'780','1972-02-03 19:57:58','1990-01-07 20:56:51'),(167,2,72,'Officiis ut perspiciatis ex optio et sed. Velit et et omnis facere. Omnis illum nobis debitis assumenda aut qui distinctio. Iure corrupti rerum ab aspernatur.','debitis',147,'438','1990-02-09 07:59:45','2011-04-10 06:55:42'),(168,3,73,'Temporibus laudantium ut eos. Id aperiam id sed sint explicabo.','accusantium',501779,'709','2009-04-02 07:39:30','1971-06-08 05:34:26'),(169,4,74,'Velit nihil voluptatum sapiente assumenda sed doloribus ipsam. Laboriosam earum ut nobis cum maxime necessitatibus saepe. Ut saepe animi aut maxime.','aut',90170095,'877','2008-02-23 16:49:59','2013-08-28 20:13:54'),(170,5,75,'Iure tempora et explicabo et incidunt voluptatum. Non illo magni dolorem numquam. Quis ex ut ut aut. Omnis et sequi commodi.','inventore',9,'417','1990-04-27 00:59:15','1970-04-02 01:06:00'),(171,6,76,'Et maiores minima vel maxime. Dolorum a quidem repudiandae architecto id. Et commodi eius quia quod suscipit repudiandae veniam.','pariatur',7720708,'218','1984-09-28 22:51:16','1983-06-20 10:28:54'),(172,7,77,'Ullam aut quasi provident cumque et est. Iusto sed quas vel vero et. Quo laborum accusamus aut alias aliquam. Rerum et quia necessitatibus repudiandae ducimus eum.','exercitationem',83677,'758','1980-04-26 20:14:42','1989-03-25 06:35:17'),(173,8,78,'Fugit minus cum quo molestias. Quisquam ad veritatis et rerum neque est. Enim vero temporibus quia dolorum sint consequatur iure. Sunt ipsum numquam et. Velit porro velit tempora delectus ut eos.','vitae',94,'502','1981-01-19 05:21:02','1979-09-19 02:14:19'),(174,9,79,'Minus sit dicta aut ea quos. Nostrum recusandae voluptatem asperiores nesciunt aspernatur cumque voluptatibus. Nihil quod saepe non cum dolore aut amet. Possimus dignissimos aut molestiae.','voluptatem',97942288,'158','1983-12-07 13:31:41','1997-07-31 05:41:10'),(175,10,80,'Neque et voluptatem expedita enim voluptatibus. Quae delectus natus perferendis omnis officiis quaerat aut. Omnis et dolore est quo nesciunt nobis. Voluptatem laudantium nihil et libero eveniet debitis velit.','quia',0,'374','1987-12-21 09:09:01','1976-06-14 16:28:36'),(176,2,82,'Ut explicabo voluptatem aut quas rerum sit. Soluta voluptatem sed sit est dolor est nemo voluptas. Optio libero temporibus labore consectetur.','ab',183239,'997','1995-07-19 08:33:36','1979-04-03 19:02:52'),(177,3,83,'Architecto labore rerum unde quidem vitae. Optio corrupti dolores est. Quia maxime aut nesciunt nisi omnis.','rerum',4312,'255','1989-10-06 02:39:26','1971-02-01 22:14:28'),(178,4,84,'Quisquam odio dolorum et. Veritatis fugiat voluptatum nam quidem sunt qui. Et corrupti sint officia reprehenderit ea sed. Autem beatae ut occaecati dicta.','ipsa',0,'262','2016-08-01 18:58:34','1995-04-25 14:24:55'),(179,6,86,'Qui sint harum ut sint impedit reiciendis numquam. Maxime qui dolor aspernatur explicabo. Aut optio omnis et. Nesciunt voluptas voluptas et voluptatem velit qui animi.','nam',694,'915','2018-07-24 02:49:39','2001-07-26 09:30:21'),(180,8,88,'Quo sit fugiat ex dolores ut labore blanditiis. Eos iure vitae fugiat praesentium repellat. Nostrum molestiae non enim eos eos.','veniam',16213358,'800','2016-01-06 17:32:55','1989-12-13 15:22:47'),(181,9,89,'Dolor facilis explicabo quo omnis facilis sapiente. Vel autem labore at. Autem quae doloremque consequatur aliquam aut velit.','ipsum',198736,'358','1996-07-21 04:03:08','1994-05-17 18:53:13'),(182,10,90,'Distinctio aspernatur omnis aut minus. Nulla commodi voluptate praesentium deserunt aut voluptates. Ipsam praesentium aut recusandae incidunt omnis perferendis non.','sint',6836426,'871','2001-10-11 17:06:51','1974-11-26 21:31:11'),(183,2,92,'Sit sint vitae delectus. Ut quisquam rem quam ut quibusdam ut occaecati. Quaerat est ea quos quasi aut quo in.','doloribus',4605899,'698','2018-02-09 09:31:24','1978-12-07 10:34:32'),(184,3,93,'Et cum ipsam at laboriosam a nostrum nostrum. Quis voluptatem rerum iste et. Sit et rem perspiciatis magnam ut ducimus perferendis neque.','maiores',8471244,'546','1980-02-23 23:37:53','1989-03-28 04:54:42'),(185,4,94,'Maiores necessitatibus voluptatem vel asperiores et sunt. Eveniet praesentium quaerat vitae incidunt voluptatem qui. Aut corrupti eius accusamus asperiores nisi consequuntur. Sit ut similique architecto reprehenderit sint voluptas.','et',7582,'444','2002-10-24 18:54:44','1973-06-03 13:49:51'),(186,6,96,'Ipsam consequatur nulla nisi nulla eligendi. Rerum qui eos eveniet et soluta et ipsa. Perferendis eaque minus consequatur illo accusantium quia aspernatur unde.','asperiores',59,'558','2017-06-27 07:58:29','1988-12-25 20:48:34'),(187,7,97,'Quia et omnis magnam quia rerum molestiae iusto. Et voluptatibus sed adipisci perferendis accusamus atque est. Molestias eligendi voluptas sit.','et',3587251,'603','1992-03-12 23:01:20','1972-08-14 03:22:24'),(188,8,98,'Qui itaque sint voluptatibus ullam. Vel tenetur earum eius laudantium voluptates laborum qui tempore. Veniam qui odio temporibus nulla.','magni',2151,'858','2018-09-14 23:55:40','2019-05-22 08:34:55'),(189,9,99,'Repellat adipisci dignissimos repellat aut praesentium sit. Dignissimos porro nam cupiditate et veritatis quis esse. Non modi temporibus laudantium aut rerum adipisci velit. Saepe voluptatum ea numquam repellendus.','vero',39735469,'596','1995-07-12 09:18:11','2016-11-12 05:03:23'),(190,10,100,'Expedita fugit commodi maiores qui et architecto deleniti sit. Qui dolores atque similique repellat sed. Rem dolorem alias fuga reprehenderit voluptas. Cumque illo culpa eum eos suscipit provident.','deleniti',3054541,'367','2015-06-20 15:39:03','1995-02-15 04:25:00');
/*!40000 ALTER TABLE `media` ENABLE KEYS */;
UNLOCK TABLES;

--
-- Table structure for table `media_types`
--

DROP TABLE IF EXISTS `media_types`;
/*!40101 SET @saved_cs_client     = @@character_set_client */;
/*!40101 SET character_set_client = utf8 */;
CREATE TABLE `media_types` (
  `id` bigint(20) unsigned NOT NULL AUTO_INCREMENT,
  `name` varchar(255) COLLATE utf8mb4_unicode_ci DEFAULT NULL,
  `created_at` datetime DEFAULT current_timestamp(),
  `updated_at` datetime DEFAULT NULL ON UPDATE current_timestamp(),
  UNIQUE KEY `id` (`id`)
) ENGINE=InnoDB AUTO_INCREMENT=11 DEFAULT CHARSET=utf8mb4 COLLATE=utf8mb4_unicode_ci;
/*!40101 SET character_set_client = @saved_cs_client */;

--
-- Dumping data for table `media_types`
--

LOCK TABLES `media_types` WRITE;
/*!40000 ALTER TABLE `media_types` DISABLE KEYS */;
INSERT INTO `media_types` VALUES (1,'t','2012-03-16 23:43:31','2004-02-27 07:21:21'),(2,'v','1982-11-13 07:15:04','1971-12-07 08:20:59'),(3,'w','1971-04-02 01:39:31','1979-04-09 10:22:00'),(4,'k','2014-03-22 16:04:19','1985-05-03 20:00:33'),(5,'r','1988-08-30 05:03:47','1987-10-01 19:20:53'),(6,'z','2006-09-08 15:39:10','1994-01-04 21:20:47'),(7,'c','1999-03-25 01:19:25','1987-12-28 06:25:35'),(8,'m','1977-05-13 14:22:23','1985-02-27 16:36:53'),(9,'l','2010-08-22 13:23:46','1978-10-31 11:00:32'),(10,'p','1996-04-16 05:00:37','1971-01-07 05:31:21');
/*!40000 ALTER TABLE `media_types` ENABLE KEYS */;
UNLOCK TABLES;

--
-- Table structure for table `messages`
--

DROP TABLE IF EXISTS `messages`;
/*!40101 SET @saved_cs_client     = @@character_set_client */;
/*!40101 SET character_set_client = utf8 */;
CREATE TABLE `messages` (
  `id` bigint(20) unsigned NOT NULL AUTO_INCREMENT,
  `from_user_id` bigint(20) unsigned NOT NULL,
  `to_user_id` bigint(20) unsigned NOT NULL,
  `body` text COLLATE utf8mb4_unicode_ci DEFAULT NULL,
  `created_at` datetime DEFAULT current_timestamp(),
  UNIQUE KEY `id` (`id`),
  KEY `from_user_id` (`from_user_id`),
  KEY `to_user_id` (`to_user_id`),
  CONSTRAINT `messages_ibfk_1` FOREIGN KEY (`from_user_id`) REFERENCES `users` (`id`),
  CONSTRAINT `messages_ibfk_2` FOREIGN KEY (`to_user_id`) REFERENCES `users` (`id`)
) ENGINE=InnoDB AUTO_INCREMENT=58 DEFAULT CHARSET=utf8mb4 COLLATE=utf8mb4_unicode_ci;
/*!40101 SET character_set_client = @saved_cs_client */;

--
-- Dumping data for table `messages`
--

LOCK TABLES `messages` WRITE;
/*!40000 ALTER TABLE `messages` DISABLE KEYS */;
INSERT INTO `messages` VALUES (1,1,1,'Similique repellendus rerum ut qui consequatur. Earum esse magnam corporis reprehenderit. Enim sapiente atque sequi sit assumenda nisi nobis. Ex omnis excepturi tempore consequatur voluptas itaque aspernatur.','1996-05-26 03:35:58'),(2,2,2,'Autem sed voluptas voluptates aut excepturi. Odio sunt officia quod at. Deleniti aut est aspernatur beatae quos. Magni quos doloribus qui aliquid.','1980-12-14 12:57:54'),(3,3,3,'Aut qui ab voluptatibus natus veniam ut. Ea ut quis veritatis aut non. Culpa porro voluptas officiis sit et. Occaecati corrupti et similique rerum ut est.','1981-10-01 14:39:32'),(4,4,4,'Magnam blanditiis voluptate reiciendis eos id. Tempore tempora corrupti voluptatum cumque expedita in ducimus. Et magnam ducimus eos libero doloribus id quas.','2006-01-21 15:28:08'),(5,5,5,'Reiciendis vitae repellendus dolorem. Dolor sed qui ipsa consectetur odit ducimus sapiente dolore. Molestiae laudantium quibusdam omnis officia quo. Expedita ut nemo dolores sunt voluptatum.','1998-09-12 22:48:25'),(6,6,6,'Est nihil mollitia eveniet recusandae magnam amet. Incidunt temporibus consequuntur consectetur rerum et quaerat dicta. Facere et aliquam est odit saepe qui amet voluptas. Et quos quis nobis adipisci enim. Consequuntur deleniti laborum provident laborum.','2015-11-12 01:30:43'),(7,7,7,'Soluta accusantium odit velit ea adipisci. Quis cumque in vel. Nostrum possimus voluptates adipisci atque est. Natus ratione et architecto quo voluptatem.','1981-07-24 08:12:49'),(8,8,8,'Qui quo quae sequi corrupti consequatur cupiditate nam. Id cumque vero eligendi placeat inventore. Libero sit repellat quis cumque dolorum. Fuga quo eos quae similique magnam voluptatem sit.','1986-02-05 20:58:14'),(9,9,9,'Exercitationem nulla esse quia vel corporis. Deleniti consequatur quis pariatur et. Quia non id recusandae quas iure.','2001-09-04 09:03:41'),(10,10,10,'Nihil recusandae recusandae suscipit et doloremque possimus velit enim. Dolor eius eligendi facere voluptatem culpa nostrum. Beatae eos repellendus dicta laudantium a. Deleniti laboriosam perferendis dolores ipsa aut itaque.','2002-11-20 14:50:13'),(11,11,11,'Suscipit incidunt hic ut. Eum aspernatur beatae aperiam. Reprehenderit maiores aliquam placeat sit.','2017-10-10 04:12:39'),(12,12,12,'Earum quas doloribus laudantium repudiandae laborum iste. Sit nihil incidunt perspiciatis quos. Omnis quam aut rem et quia.','1983-10-25 00:46:53'),(13,13,13,'Id mollitia ut voluptatem soluta et dolore. Distinctio deserunt nostrum possimus. Ipsam cupiditate iure qui ut aut sint temporibus.','1985-07-05 15:46:09'),(14,14,14,'Asperiores fugit non commodi dolorem porro iste. Nobis id occaecati soluta. Ratione ea ea omnis cum.','2001-08-06 01:56:46'),(15,15,15,'Et aut quod iste at. Consectetur ut et quo dolorem non. Aut sit eos dolores impedit quasi.','1972-04-17 03:36:27'),(16,16,16,'Aspernatur voluptatem numquam id laudantium rem sint qui. Itaque blanditiis praesentium quo sit totam tempora. Eius quae voluptatem id sit eos. Ea inventore quo eveniet consectetur eos natus.','1999-05-29 00:32:51'),(17,17,17,'Aperiam molestias consequatur molestiae deleniti. Fugiat omnis quo aut natus cumque repellendus. Voluptatem error ab similique et ipsam quia rerum sint.','2010-10-26 03:41:53'),(18,18,18,'Sapiente ducimus commodi totam voluptatem. Sapiente et sequi officiis ipsum veritatis reprehenderit odit repellat. Molestias non rerum ipsum dignissimos est unde non illo. Est facere sapiente aperiam odit dolore sed.','1980-08-01 16:50:49'),(19,19,19,'Et doloremque ut nemo ut. Velit velit ut laborum placeat et ipsa. Est minus itaque enim illum officia optio tenetur.','1984-10-25 03:21:01'),(20,20,20,'Et quam et aut iure nisi dolores repudiandae. Id ex error id vel quisquam labore a. Est ut harum et libero mollitia deleniti sed. Qui aut rerum a provident velit repudiandae.','1975-11-12 02:12:20'),(21,21,21,'Ipsam sequi magnam modi voluptas modi vel. Tempora enim explicabo aut eveniet possimus quia. Aut sunt ut dolore illo suscipit repellat explicabo.','1976-11-15 14:09:37'),(22,22,22,'Voluptatum aut placeat dolorem ipsum placeat. Repellat excepturi repellat ipsum molestiae doloribus nemo illum. Deserunt numquam ipsam quae nam. Inventore nihil quasi reprehenderit quos aut magnam.','1998-12-28 00:27:49'),(23,23,23,'Porro quaerat est hic est ut. Et similique commodi occaecati architecto. Sed perferendis rerum omnis repellat ut consectetur doloremque. Nulla et qui quo unde.','2012-06-30 20:38:54'),(24,24,24,'Quibusdam laudantium tempore aut provident. Laudantium accusantium quasi atque alias soluta dolorum. Est aliquam eveniet possimus non delectus.','1997-07-17 18:27:06'),(25,25,25,'Quas illum minima repellat quis voluptatem qui. Rerum earum suscipit qui reiciendis. Nihil fuga hic maiores porro vel est. Et qui vero molestias ut fugiat rerum voluptatem sequi.','1988-04-22 10:21:03'),(26,26,26,'Non praesentium ducimus iure reprehenderit atque eum. Labore ipsam consectetur sint quia. Consectetur cumque deleniti est.','2004-02-05 07:09:03'),(27,27,27,'Eos non autem explicabo esse voluptates eum veniam. Ut nam eum est dolor quasi aut reiciendis.','1974-03-07 16:06:34'),(28,28,28,'Sunt inventore asperiores sint eveniet ut et molestiae. Ipsam est est ab blanditiis exercitationem. Fuga vel minima voluptas amet nihil ipsum nisi et. Quaerat corrupti non et culpa eum ut tempore.','2000-02-05 05:35:53'),(29,29,29,'Alias non consequuntur praesentium vel. Ad dignissimos iusto nam aliquam nihil quibusdam quo. Cum harum quam tenetur sed ipsa a est. Unde dicta eius aliquid tempora.','2001-10-21 04:47:42'),(30,30,30,'Sunt rerum quo ut deserunt. Possimus vitae est voluptatem ut. Eum ullam aut explicabo occaecati voluptatem.','1994-03-22 07:01:14'),(31,31,31,'Ea magni qui voluptates officiis eligendi nihil. Ab distinctio voluptas itaque vel beatae. Voluptatem quia voluptatem voluptatum placeat natus eius. Voluptatem dignissimos voluptate magni quia voluptatum illum natus.','1990-01-30 02:04:53'),(32,32,32,'Hic quia suscipit aut consequatur. Deleniti numquam dolores eos expedita in ut vitae. Rerum quo velit vitae quis.','1991-08-01 16:25:35'),(33,33,33,'Porro temporibus illo quibusdam optio tempore magnam. Non sed odio eos ipsum. Accusamus voluptas eum non modi dignissimos.','1970-03-04 08:35:07'),(34,34,34,'Similique nesciunt neque natus aliquid qui. Eveniet vel veniam nisi officia et cumque.','2020-12-19 21:33:29'),(35,35,35,'Modi in cupiditate est eveniet qui quos debitis voluptas. Accusantium laboriosam dolorem sed. Enim molestias eligendi illo voluptas dolorem voluptatem voluptatum.','2018-09-29 13:10:38'),(36,36,36,'Numquam architecto doloribus quo cupiditate earum sit quibusdam. Eligendi impedit aut autem sunt.','1974-01-08 19:04:26'),(37,37,37,'Fugit eum repellat cupiditate vero aut rem reiciendis. Harum dolor odit quisquam ea suscipit.','2007-06-18 14:43:33'),(38,38,38,'Libero architecto qui eligendi eaque harum. Perspiciatis rerum quos numquam quaerat sed quam. Doloremque explicabo mollitia provident molestiae voluptas eveniet vel. Et minus sed illum.','2021-01-04 05:23:57'),(39,39,39,'Vero quo nesciunt molestias minus vel. Omnis asperiores qui voluptates ullam impedit iure. Voluptatibus magni at accusamus.','1982-08-31 09:12:08'),(40,40,40,'Quod ipsa omnis commodi eius quae. Odio laudantium et aut tempora est. Eum ut quis tempore qui sed reprehenderit placeat. Ducimus magnam dolorem quia molestiae.','2012-12-15 12:12:51'),(41,41,41,'Fugiat eos beatae aut aut voluptatibus quasi. Sed iure non et praesentium dolor facilis. Molestias est qui laborum voluptas omnis. Beatae adipisci dolor nobis dicta sed.','1996-03-16 11:10:23'),(42,42,42,'Necessitatibus ullam incidunt voluptatem aut itaque optio. Sunt et consequatur officiis quis exercitationem beatae voluptatem. Sed dolore cum minus doloribus et blanditiis laboriosam.','2010-06-27 17:37:11'),(43,43,43,'Ipsa modi adipisci atque id. Est soluta quis enim aspernatur velit. Blanditiis culpa in quo dolores molestias laboriosam. Adipisci praesentium provident quo.','2002-06-11 03:33:34'),(44,44,44,'Ducimus provident excepturi deleniti non quos ut laborum eveniet. Qui voluptates non et facilis aut voluptatem. Fuga inventore placeat ut voluptatum odit. Eos odio id minima omnis et itaque. Voluptatem quia vero nihil ratione eaque similique.','1983-01-05 11:50:34'),(45,45,45,'Eligendi alias soluta est ea iusto corrupti voluptas qui. Quidem eum itaque molestiae rerum explicabo et sunt ut. Ab officiis aperiam consectetur ratione quia laudantium et mollitia. Omnis iste harum possimus enim.','1997-03-25 18:07:34'),(46,46,46,'Atque corrupti ut animi nobis laboriosam dolores voluptas. Cupiditate enim beatae qui iusto repudiandae dicta. Unde ipsa consequatur consectetur atque magni incidunt dolor. Aut possimus provident eaque dolorum officiis aspernatur a quidem.','2014-09-24 21:14:33'),(47,47,47,'Perspiciatis aliquid non tempore saepe. Amet assumenda et ut aperiam. Quas a ut alias magni qui.','2001-07-24 18:47:29'),(48,48,48,'Et omnis nemo adipisci qui rerum corrupti. Illum mollitia et labore dolore. Ducimus sunt non repellat quis. Nostrum officiis suscipit molestiae.','1999-08-04 23:39:21'),(49,49,49,'Et cumque aspernatur qui occaecati numquam consequatur voluptas. Impedit in rerum occaecati quis officiis provident possimus. Nihil hic quas id suscipit cum nobis. Cupiditate magnam qui nihil qui.','1995-06-27 08:31:56'),(50,50,50,'Ipsa quia labore et eum numquam omnis. Suscipit fuga porro vitae. Voluptate velit sit est quisquam magni et sed nisi. Assumenda non perferendis recusandae fugit odio dolore.','1971-02-05 05:25:47'),(51,51,51,'Sapiente a et placeat velit nemo eligendi. Aut consectetur velit debitis voluptas repellat. Assumenda placeat tempora iste molestiae qui qui tempora optio. Ratione inventore enim aut optio. Autem eum corporis voluptatibus dolores asperiores consectetur maxime.','2018-05-31 10:06:17'),(52,52,52,'Sit et corporis assumenda adipisci veritatis fuga dolorem. Et possimus ut esse nihil quia. Dolorum eligendi explicabo et animi qui harum rem qui.','1979-05-17 05:09:01'),(53,53,53,'Perspiciatis aut sint dignissimos quia tempore. Reprehenderit dolores cumque ratione aliquid excepturi. Et animi quis in sit non sed. Numquam non minus non sed officiis quia quidem.','1997-02-09 21:50:11'),(54,54,54,'Sunt temporibus totam impedit voluptatem. Fugiat sint a sed ratione magni quo. Aut labore aut ea. Adipisci totam sapiente quia fugit ut provident sit.','1970-06-01 14:45:40'),(55,55,55,'Id quia quod sed corporis. Quos maxime accusamus quisquam nam. Non eos autem ipsa a necessitatibus. Pariatur assumenda qui excepturi.','1982-06-23 16:16:13'),(56,56,56,'Inventore placeat molestiae iure cupiditate labore animi. Sed odio voluptas animi veritatis. Perspiciatis aliquid est repellat explicabo ut ex. Dolores dolores aut dicta facilis.','1979-07-07 00:02:39'),(57,57,57,'Similique in ut veniam cumque. Est provident ut recusandae odit laudantium qui ipsa. Provident non aliquam sit molestiae.','2014-01-09 09:21:38');
/*!40000 ALTER TABLE `messages` ENABLE KEYS */;
UNLOCK TABLES;

--
-- Table structure for table `photo_albums`
--

DROP TABLE IF EXISTS `photo_albums`;
/*!40101 SET @saved_cs_client     = @@character_set_client */;
/*!40101 SET character_set_client = utf8 */;
CREATE TABLE `photo_albums` (
  `id` bigint(20) unsigned NOT NULL AUTO_INCREMENT,
  `name` varchar(255) COLLATE utf8mb4_unicode_ci DEFAULT NULL,
  `user_id` bigint(20) unsigned DEFAULT NULL,
  PRIMARY KEY (`id`),
  UNIQUE KEY `id` (`id`),
  KEY `user_id` (`user_id`),
  CONSTRAINT `photo_albums_ibfk_1` FOREIGN KEY (`user_id`) REFERENCES `users` (`id`)
) ENGINE=InnoDB AUTO_INCREMENT=11 DEFAULT CHARSET=utf8mb4 COLLATE=utf8mb4_unicode_ci;
/*!40101 SET character_set_client = @saved_cs_client */;

--
-- Dumping data for table `photo_albums`
--

LOCK TABLES `photo_albums` WRITE;
/*!40000 ALTER TABLE `photo_albums` DISABLE KEYS */;
INSERT INTO `photo_albums` VALUES (1,'enim',1),(2,'sapiente',2),(3,'et',3),(4,'ut',4),(5,'tenetur',5),(6,'nostrum',6),(7,'doloremque',7),(8,'et',8),(9,'aspernatur',9),(10,'beatae',10);
/*!40000 ALTER TABLE `photo_albums` ENABLE KEYS */;
UNLOCK TABLES;

--
-- Table structure for table `photos`
--

DROP TABLE IF EXISTS `photos`;
/*!40101 SET @saved_cs_client     = @@character_set_client */;
/*!40101 SET character_set_client = utf8 */;
CREATE TABLE `photos` (
  `id` bigint(20) unsigned NOT NULL AUTO_INCREMENT,
  `album_id` bigint(20) unsigned DEFAULT NULL,
  `media_id` bigint(20) unsigned NOT NULL,
  UNIQUE KEY `id` (`id`),
  KEY `album_id` (`album_id`),
  KEY `media_id` (`media_id`),
  CONSTRAINT `photos_ibfk_1` FOREIGN KEY (`album_id`) REFERENCES `photo_albums` (`id`),
  CONSTRAINT `photos_ibfk_2` FOREIGN KEY (`media_id`) REFERENCES `media` (`id`)
) ENGINE=InnoDB AUTO_INCREMENT=11 DEFAULT CHARSET=utf8mb4 COLLATE=utf8mb4_unicode_ci;
/*!40101 SET character_set_client = @saved_cs_client */;

--
-- Dumping data for table `photos`
--

LOCK TABLES `photos` WRITE;
/*!40000 ALTER TABLE `photos` DISABLE KEYS */;
INSERT INTO `photos` VALUES (1,1,101),(2,2,102),(3,3,103),(4,4,104),(5,5,105),(6,6,106),(7,7,107),(8,8,108),(9,9,109),(10,10,110);
/*!40000 ALTER TABLE `photos` ENABLE KEYS */;
UNLOCK TABLES;

--
-- Table structure for table `private_channel_messages`
--

DROP TABLE IF EXISTS `private_channel_messages`;
/*!40101 SET @saved_cs_client     = @@character_set_client */;
/*!40101 SET character_set_client = utf8 */;
CREATE TABLE `private_channel_messages` (
  `id` bigint(20) unsigned NOT NULL AUTO_INCREMENT,
  `channel_id` bigint(20) unsigned NOT NULL,
  `created_at` datetime DEFAULT current_timestamp(),
  `message` text COLLATE utf8mb4_unicode_ci DEFAULT NULL,
  `sender_id` bigint(20) unsigned NOT NULL,
  `recipient_id` bigint(20) unsigned NOT NULL,
  UNIQUE KEY `id` (`id`),
  KEY `messages_idx` (`id`),
  KEY `channel_id` (`channel_id`),
  KEY `sender_id` (`sender_id`),
  KEY `recipient_id` (`recipient_id`),
  CONSTRAINT `private_channel_messages_ibfk_1` FOREIGN KEY (`channel_id`) REFERENCES `private_channels` (`id`),
  CONSTRAINT `private_channel_messages_ibfk_2` FOREIGN KEY (`sender_id`) REFERENCES `users` (`id`),
  CONSTRAINT `private_channel_messages_ibfk_3` FOREIGN KEY (`recipient_id`) REFERENCES `users` (`id`)
) ENGINE=InnoDB AUTO_INCREMENT=501 DEFAULT CHARSET=utf8mb4 COLLATE=utf8mb4_unicode_ci;
/*!40101 SET character_set_client = @saved_cs_client */;

--
-- Dumping data for table `private_channel_messages`
--

LOCK TABLES `private_channel_messages` WRITE;
/*!40000 ALTER TABLE `private_channel_messages` DISABLE KEYS */;
INSERT INTO `private_channel_messages` VALUES (1,1,'2007-05-24 10:28:07','Beatae et tenetur qui qui. Et quas expedita qui blanditiis recusandae. Vitae temporibus earum dolor corrupti. Quasi asperiores voluptatibus nobis unde non alias. Nisi tempore minus praesentium nihil.',1,1),(2,2,'2007-06-05 03:48:10','Et dolore enim placeat vel delectus praesentium. Sint maxime officiis quia iure. Ut minus illum doloribus accusamus. Et molestias quam aut totam suscipit.',2,2),(3,3,'1994-03-15 06:02:32','Et voluptatibus a deleniti optio maxime minus voluptates odit. Unde dolor maxime hic.',3,3),(4,4,'1999-05-20 06:17:31','Et quibusdam voluptatem iusto voluptatem consequuntur dicta mollitia. Quibusdam fuga officiis temporibus fugiat amet omnis cupiditate. Et tempora nobis quisquam vel.',4,4),(5,5,'1992-11-25 02:55:08','Vitae et harum qui repellendus aut. Eum suscipit eveniet delectus eos et facere. Neque facilis sunt quas explicabo sint. Eum aut facilis dignissimos a repudiandae.',5,5),(6,6,'1971-04-02 07:11:21','Natus perspiciatis minus sed quibusdam similique. Neque neque quo omnis non repudiandae repellendus recusandae. Voluptate et nihil iure blanditiis ab non ipsa.',6,6),(7,7,'1990-04-30 05:27:06','Itaque beatae esse dolores repudiandae. Voluptas sint neque maiores temporibus et rerum officiis. Eveniet animi veritatis voluptatem eius sed facere magnam. Id nostrum dicta facere modi saepe excepturi id. Voluptatum tenetur autem dicta vitae quia ipsa sunt ut.',7,7),(8,8,'2012-03-06 09:17:39','Occaecati accusantium omnis rem eos. Quo in quidem molestiae quidem. Autem tempora et eos adipisci qui.',8,8),(9,9,'1975-06-20 18:06:20','Quia molestiae quasi unde. Eaque dolore quaerat ex tenetur quos illo impedit. Libero sunt officiis quis est ullam ad. Commodi sequi sequi quia sequi quibusdam consequuntur debitis.',9,9),(10,10,'1975-07-07 19:47:03','Et est voluptas aut vitae ipsum distinctio excepturi. Et cupiditate id nihil dolorum delectus. Ut totam consequatur quos incidunt reiciendis et optio. Omnis ducimus quia quia vero asperiores eos numquam.',10,10),(11,11,'2006-08-29 12:26:29','Ipsa maiores soluta cupiditate consequatur autem optio. Sit qui qui nihil voluptate. Aut laborum voluptas aut ab quo.',11,11),(12,12,'2015-10-19 15:57:03','Quos cum rerum amet magni. Ut beatae consectetur aut voluptas. Similique magni quia dolor. Eum aut soluta facere iusto.',12,12),(13,13,'1994-04-27 06:47:43','Laboriosam temporibus repudiandae rerum est voluptatum quia nihil et. Eum tempore ipsa esse et. Officiis qui maxime assumenda quidem asperiores. Voluptates mollitia et est doloribus odio commodi doloribus quis. Doloremque eius natus et.',13,13),(14,14,'1975-02-28 07:26:28','Qui eos et velit nobis. Aliquid vitae ipsa beatae porro et ducimus. Qui non porro magni. Veniam repellendus accusamus iure consequatur omnis non. Et quis molestiae officia voluptas omnis.',14,14),(15,15,'1971-02-23 03:54:02','Dolore qui optio qui cumque nulla quia. Rerum molestias natus voluptatem fugiat quis eum debitis. Facilis impedit praesentium dolore non. Laudantium cumque quisquam est sint voluptatibus dolores.',15,15),(16,16,'1985-06-22 20:37:05','Fuga soluta atque provident. Et officiis vitae voluptatum itaque quae distinctio rerum iure. Aut a temporibus aut ea cum eius saepe.',16,16),(17,17,'2006-11-06 02:28:58','Voluptatum qui vitae et tenetur assumenda esse. Aut ab nostrum ea eum. Assumenda et qui natus fugit ut.',17,17),(18,18,'1976-09-25 09:52:31','Quod et deleniti et qui ut. Praesentium rerum magnam iste temporibus dolores commodi. Nihil dolores beatae aliquid ut dolore occaecati assumenda.',18,18),(19,19,'2007-08-15 19:03:13','Eos modi aut aliquid voluptas. Excepturi pariatur et sed cum quia voluptas veniam. Et iusto occaecati repellendus iste.',19,19),(20,20,'1993-07-21 02:07:42','Illo id itaque deleniti dolorem. Incidunt voluptatem aut sit molestiae facilis. Quis non omnis doloribus.',20,20),(21,21,'2002-05-27 17:40:02','Sint ipsa officiis blanditiis iusto alias. Velit et assumenda ea placeat ut. Modi enim omnis quis aut laudantium eos dolore ducimus. Et corporis aut ut nostrum labore sapiente explicabo.',21,21),(22,22,'1993-04-19 19:58:34','Ab nisi consequatur magnam repudiandae exercitationem dolorum. Adipisci ad minus sunt provident non asperiores et. Quis eveniet laboriosam aut qui qui harum. Aut officia quibusdam quam non debitis.',22,22),(23,23,'1979-04-22 20:13:33','Voluptatem quod quis modi ex et sit. Aperiam perspiciatis consequatur in tempore totam eligendi aut.',23,23),(24,24,'1991-02-08 20:59:14','Id dolore veniam aut laborum possimus quia occaecati amet. Corporis voluptatum maiores ut ut ea rerum. Ratione ad laudantium nisi nihil doloribus aut corporis. Dolores ea eius et autem laboriosam.',24,24),(25,25,'2010-08-21 06:59:34','Ut corrupti excepturi iste quos tenetur enim. Et consequatur neque in dolorum autem iure sint.',25,25),(26,26,'2005-08-09 19:05:32','Perferendis omnis impedit natus ut sunt et id. Mollitia nesciunt autem quis quidem non. Sint unde magni provident. Numquam tenetur maiores ab ullam commodi.',26,26),(27,27,'1983-04-16 03:12:14','Sunt nostrum eligendi natus rerum incidunt repellat. Autem architecto velit officia. Omnis nam soluta natus velit modi. Sed non officia placeat. Temporibus ea at rerum voluptate voluptatum natus.',27,27),(28,28,'1972-12-06 05:43:49','Quia voluptas suscipit quia et quo eos qui. Ut voluptas corporis occaecati doloremque ullam laboriosam. Et sed ipsa incidunt.',28,28),(29,29,'1995-11-08 15:20:49','Dolores soluta esse qui quasi. Facilis omnis repellendus illo quia asperiores est vitae.',29,29),(30,30,'1985-09-04 21:07:32','Dolores et sunt accusantium quibusdam quo. Tenetur quasi excepturi possimus labore. Est necessitatibus fugit quis architecto quaerat.',30,30),(31,31,'1982-03-06 14:11:16','Suscipit eum eum aliquid dolore voluptatem. Et sit consequuntur totam. Delectus asperiores quia cum ducimus.',31,31),(32,32,'1982-06-12 11:57:59','Nesciunt dolorum et aut quas. Laboriosam quasi at facere ut ullam ex. Voluptatibus voluptates voluptate et quo ut dolor vel. Quia sapiente id omnis suscipit.',32,32),(33,33,'1990-09-06 23:35:09','Quod distinctio vero quia iusto facilis sint et. Quia et saepe qui corporis deleniti error ratione. Voluptatibus et ea adipisci quo et labore nam. Aut reprehenderit sapiente dolorum enim sunt facere. Ipsa aut ipsum reiciendis corrupti sed ad.',33,33),(34,34,'2016-04-16 02:22:43','Quam alias et delectus aut explicabo ad. Nihil enim ut consequatur illum. Enim ut dicta qui nobis ex.',34,34),(35,35,'1978-11-15 06:32:59','Nostrum sit ex sit eum recusandae. Et ratione qui minus tempore deleniti eaque beatae. Perspiciatis neque qui repudiandae sed molestiae saepe. Aut suscipit tempora eos repellendus aut vel laborum nemo.',35,35),(36,36,'2014-02-03 16:39:08','Dolor modi aut est aperiam odit. Unde neque vel qui repudiandae voluptas error. Ducimus consequatur repellendus vel nihil omnis.',36,36),(37,37,'2016-03-13 06:16:57','Quibusdam facilis officia dolorem laudantium iste. Dolore aliquam iste aut eum nobis aut et pariatur. Nemo et quasi architecto error ex cumque id sint. A et cumque earum id et sunt error placeat.',37,37),(38,38,'2013-11-25 10:16:42','Alias nihil a molestias repellat libero officia. Dolor nihil pariatur ducimus sed laborum sed voluptatibus. Consectetur repudiandae deserunt omnis at enim.',38,38),(39,39,'1990-11-08 07:57:26','Quia velit nobis odit id. Est incidunt labore iure quia. Modi doloribus et aut repudiandae libero et ex.',39,39),(40,40,'1980-05-07 16:58:20','Cum qui tempore ad nesciunt. Distinctio eum quibusdam architecto itaque qui. Quod harum velit culpa rerum non.',40,40),(41,41,'1970-03-20 18:51:27','Omnis ipsa aperiam rem et. Nisi saepe consequuntur sit veritatis. Dolorem ipsa magni ut laudantium provident minima odio cupiditate.',41,41),(42,42,'1991-11-03 02:29:16','Quia deleniti quod rerum. Expedita corrupti omnis quos at illum omnis aliquid. Laudantium impedit id labore sed.',42,42),(43,43,'1984-04-05 03:47:53','Voluptatem fugit commodi laudantium libero ea. Amet et consequatur repellat et eligendi tempora. Fugiat est tempore reiciendis nihil ut. Aut voluptatem aperiam asperiores minus sit sed a.',43,43),(44,44,'1995-03-02 11:07:13','Sunt hic vero laudantium autem ut veritatis. Minus eos non excepturi voluptas aliquid officia vitae laboriosam. Veniam repudiandae aperiam eligendi qui pariatur consequatur dolorem.',44,44),(45,45,'1978-01-17 21:27:19','Nesciunt neque eligendi voluptatem accusantium quo placeat. Odio debitis quaerat quaerat quia doloremque. Dignissimos ratione non hic suscipit. Quam voluptas perspiciatis occaecati doloribus.',45,45),(46,46,'2011-04-21 12:13:23','Aliquam esse rerum enim sit. Vel ipsa et ipsam exercitationem quo quo. Consequatur beatae eaque fugiat. Non laboriosam ipsa in itaque.',46,46),(47,47,'1993-01-09 15:20:26','Sed et rerum consectetur consequatur. Voluptas et ipsa quia commodi blanditiis in. Dolorum dolore et ut dolorem magni est sit.',47,47),(48,48,'2020-10-03 14:29:01','Est perspiciatis aliquam ducimus. Nulla impedit voluptatem numquam consequatur. Dignissimos architecto quia eius dolores ex optio aut. Ullam quod earum ex quo accusamus tenetur odio.',48,48),(49,49,'1974-05-23 08:36:39','Deleniti vero consequatur eligendi et dolorem voluptatibus recusandae commodi. At doloremque rem ab suscipit qui nisi. Est architecto nostrum vero temporibus. Dolor sequi autem quibusdam eum veritatis dolor quia.',49,49),(50,50,'1974-09-18 02:26:30','Accusantium inventore ea quia voluptatibus molestiae quam quia sunt. Qui unde itaque ex eligendi et dignissimos. Dolor doloribus et et esse assumenda aut. Non ullam atque quidem qui ipsum.',50,50),(51,51,'1997-10-03 12:39:39','Ut quas minus quae ut. Voluptatem est alias quis porro ducimus fugiat ipsam velit. Eveniet asperiores aliquid quibusdam quaerat esse odio qui. Illo labore magnam maiores autem veritatis.',51,51),(52,52,'1975-01-03 18:29:55','Officia consectetur corporis optio nostrum corrupti quo aut. Ratione repellat consequatur vel officiis. Inventore qui ut natus quidem in.',52,52),(53,53,'2014-01-30 00:29:52','Earum fuga quo quas quibusdam numquam quasi velit qui. Et consectetur doloribus sit commodi nulla laborum veritatis. Ducimus eligendi fugiat suscipit sunt quis quas. Et autem et libero quidem nulla.',53,53),(54,54,'1995-07-22 11:55:03','Aut quam hic nulla maxime dolore omnis saepe. Est repudiandae ex fugit dolores itaque assumenda. Et veritatis soluta asperiores id eos.',54,54),(55,55,'2016-07-04 14:55:01','Reiciendis esse tempora quae occaecati eligendi. Magnam eveniet quae veritatis vel tempore. Rem sunt optio unde et.',55,55),(56,56,'2020-02-17 19:29:33','Ut facere cum accusamus. Impedit non qui illo aliquam qui magni. Ut a laborum accusantium laudantium quibusdam. Inventore incidunt et commodi.',56,56),(57,57,'2007-05-10 11:46:31','Nemo ipsum aliquid omnis similique. Tempore architecto qui magnam voluptatem illum commodi. Ipsa et ea impedit dolore vitae quos eligendi.',57,57),(58,58,'2015-07-29 17:54:22','Velit porro eos sit quo veritatis et cupiditate. Consectetur necessitatibus provident dolore voluptatem. Libero est natus natus ut et ab cupiditate.',58,58),(59,59,'1984-05-11 09:05:46','Dolorem odio quo et fuga rem eos omnis. Deleniti at voluptas pariatur consequatur omnis incidunt. Velit aliquid est dolorem delectus consequatur.',59,59),(60,60,'1986-09-07 23:49:53','Autem et voluptatem ex sapiente cupiditate odio totam aspernatur. Illum sed maiores quidem amet dolorem. Id iure voluptas voluptatibus cumque provident exercitationem et. Eius aspernatur ad recusandae esse suscipit.',60,60),(61,61,'2003-06-04 18:54:08','Aperiam earum nihil dolore enim qui illo. Sed aut non dolor assumenda veritatis officia. Excepturi architecto provident beatae tempore molestiae.',61,61),(62,62,'1992-01-08 17:30:17','Et eos cumque expedita amet. Non rerum aliquid pariatur voluptas voluptas nisi. Ab autem libero dolores nihil quas perferendis odio. Quia velit vero facilis reiciendis dolorum quo deleniti.',62,62),(63,63,'1997-04-06 17:38:11','Enim dolore aperiam harum voluptatum alias quos non distinctio. Et voluptatibus nam veniam ea facere. Nam rerum quod natus occaecati enim eum. Quidem earum corrupti et.',63,63),(64,64,'2000-04-01 18:28:04','Eos et id nisi rerum numquam ut et. Veniam ab eius est nisi enim porro quam. Labore quo odio iusto dolorum velit nobis dolor. Officiis suscipit cupiditate non omnis iure.',64,64),(65,65,'1983-03-28 20:00:01','Eius sit sed labore quia molestiae. Consequatur consequatur nemo et quas. Quibusdam enim sed magnam voluptatum magnam quia sequi.',65,65),(66,66,'1978-01-30 20:15:18','Consectetur soluta ut et dolores sunt dolorum error. Dolor tenetur voluptatem delectus et. Velit placeat ut adipisci quos velit consectetur incidunt. Et recusandae molestiae magni sit rerum non dolores. Atque sed natus doloremque delectus.',66,66),(67,67,'1975-05-16 11:39:24','Ut facere delectus exercitationem ea nihil. Maxime architecto neque consequatur dolorum. Aliquid voluptatem suscipit consequatur voluptas.',67,67),(68,68,'2019-11-16 05:08:25','Porro sint voluptatem quasi ut. Nesciunt iusto adipisci quae illum dolore. Qui quibusdam harum atque impedit.',68,68),(69,69,'1976-03-10 02:47:25','Recusandae natus officiis libero quisquam voluptas iure modi. Nam iste doloribus enim dolores quae eos repellendus. Debitis veniam quisquam a. Et fugit nesciunt ipsa iste dolor molestias at animi.',69,69),(70,70,'1989-02-19 06:50:40','Totam vero vel labore sint nemo dolorem. Qui eaque delectus omnis et similique animi neque. Accusantium et enim voluptatibus non nostrum et. Sed ratione debitis laborum. Temporibus voluptas harum quaerat nostrum aut sed et.',70,70),(71,71,'2002-12-05 12:24:38','Et quae nostrum molestiae eum. Aliquam odit dolorum non eum rerum. Fugiat porro cum occaecati. Et excepturi et minus placeat odio dicta quos consequatur.',71,71),(72,72,'2008-10-08 11:31:40','Qui accusantium ea voluptas ea fugit impedit rerum ea. Reprehenderit nam eos voluptatem doloremque est animi et. Rem quis est voluptatem tempore.',72,72),(73,73,'1985-03-23 22:27:50','Recusandae ipsam soluta facere voluptatem. Fuga veniam dolor sapiente eos quisquam maiores esse. Eligendi quia ducimus et facilis molestias aliquid.',73,73),(74,74,'1995-07-08 23:06:05','Est excepturi consequatur sit voluptatem aut sapiente sequi ut. Voluptatem sit temporibus ducimus. Neque laboriosam dolorum voluptas voluptatibus dicta sed possimus. Veniam beatae harum praesentium quia.',74,74),(75,75,'2016-09-08 22:56:10','Beatae eos quos ea soluta. Totam et et repudiandae nesciunt sed. Harum quas tempora et cumque ab commodi maxime.',75,75),(76,76,'2002-11-29 05:49:45','Aspernatur sed illo necessitatibus eum et. Ducimus et veniam dolorum rem ad. Animi neque magni modi magnam blanditiis ab quibusdam. Voluptatem itaque maxime repellat odit incidunt.',76,76),(77,77,'2002-06-07 02:29:39','Sed velit quis voluptates soluta. Eum aut asperiores enim et molestias sed cupiditate. Unde quidem earum voluptatem libero. Ipsam id ab iusto illum quia quo.',77,77),(78,78,'1996-06-16 06:00:39','Omnis omnis quidem aut nam et culpa. Rem amet est ad tempora quo. Voluptatem ut labore quae eveniet laudantium.',78,78),(79,79,'1999-01-13 18:46:11','Quia non enim temporibus ullam et. Iure ab alias voluptatibus consequuntur et. Consequuntur numquam libero ipsa similique dolore mollitia aut numquam.',79,79),(80,80,'1978-10-12 12:14:03','Tempora non repellat facere. Et unde voluptatem suscipit blanditiis corporis.',80,80),(81,81,'1995-12-13 13:26:32','Quasi occaecati dolor numquam laborum magnam error. Magni tempore hic blanditiis quia voluptas ut aut. Accusamus dolorem recusandae cumque distinctio in maxime blanditiis. Saepe modi modi distinctio est modi rerum qui.',81,81),(82,82,'1970-04-12 03:18:13','Harum optio aliquam in maiores animi eius repellat doloribus. Sapiente minus ipsa pariatur rerum. Hic eaque consequatur non quam aut molestiae non. Qui accusamus doloribus est atque non est.',82,82),(83,83,'2003-05-11 20:54:25','Aut eius enim temporibus neque ut consequatur eius expedita. Soluta quasi et dolor animi laboriosam eligendi rerum. Dolor nulla quod commodi doloribus necessitatibus. Iste aut dolorum fugit sint et dolorum dolor.',83,83),(84,84,'1986-05-23 15:37:12','Debitis quo quia ullam quia fuga. Quibusdam magnam enim tempore dolorum cupiditate. Facilis facilis natus hic iste laboriosam.',84,84),(85,85,'1987-06-13 07:57:29','Modi modi voluptatem fuga officiis. Unde voluptatem omnis exercitationem hic ipsam. Est numquam qui quis perferendis nam ut. A et minus quia aut commodi et.',85,85),(86,86,'1982-01-20 11:45:17','Voluptatem facilis alias ut. Magni sequi ea libero porro. Qui qui quidem molestias dolorem doloribus.',86,86),(87,87,'1973-02-16 00:36:17','Libero occaecati rerum rem praesentium omnis voluptatem. Iure alias sed dolor in et labore numquam. Numquam enim voluptate qui aut rerum expedita sunt.',87,87),(88,88,'1984-07-08 00:04:18','Et quasi pariatur a exercitationem voluptas officiis et. Ut quis voluptatem eum voluptatem. Minima amet qui similique facere voluptatibus eveniet quos. Beatae et numquam aut aut velit pariatur nihil repudiandae. Nihil aliquid excepturi quae sed.',88,88),(89,89,'2018-09-29 23:27:23','Ducimus laboriosam minima qui vitae labore id. Dolor vel eveniet dolor sint excepturi numquam. Odio voluptates omnis exercitationem est qui adipisci est. Iure voluptatem saepe voluptate sit molestiae.',89,89),(90,90,'1983-03-17 13:16:28','Fugiat ut enim ex omnis. Aliquam labore numquam aut vitae vero eaque harum. Voluptas aut eos reprehenderit ipsum molestiae adipisci cupiditate.',90,90),(91,91,'2019-03-10 11:11:20','Consequatur est molestias itaque molestiae. Aliquid iste est ut earum ut consectetur voluptate. Sed aut reiciendis laboriosam possimus sunt corporis rem cumque. Sint ex dolorem at repudiandae.',91,91),(92,92,'2001-02-25 12:19:16','Rerum velit quidem occaecati quidem. Quae consequatur qui quod. Ut a aperiam velit. Odio corporis voluptatem maxime amet sed autem.',92,92),(93,93,'1977-02-18 21:21:10','Omnis veniam quia omnis quis officiis a voluptate est. Eum quam laboriosam aut minus dolor alias omnis. Et iure fuga molestias ut vitae.',93,93),(94,94,'1979-05-25 17:08:29','Repellat ipsum unde velit rem ducimus commodi. Voluptates sit qui sed repudiandae expedita. A consequatur dolor provident neque quisquam. Autem eaque qui velit expedita alias. Et repudiandae suscipit quia saepe provident aut veniam non.',94,94),(95,95,'2019-08-17 21:32:18','Nihil cum fugit non similique eum. Provident et porro ex distinctio. Est enim adipisci nam. Labore sit ea ipsum sunt unde optio.',95,95),(96,96,'1983-01-03 10:20:32','Corporis omnis qui laborum nihil deserunt libero. Et minus ut id. Molestiae temporibus nesciunt cum autem. Vero enim modi facere commodi adipisci.',96,96),(97,97,'1994-12-06 04:46:12','Sed sit sit nemo qui fugit molestiae. Non sint laboriosam non dolorem velit quos. Quia eos voluptatibus at blanditiis facilis culpa.',97,97),(98,98,'2003-07-29 15:54:14','Facilis minus et quo possimus non consequatur. Dolor amet aut quisquam et omnis voluptas ratione. Qui voluptates odio velit ut nulla.',98,98),(99,99,'1971-12-14 22:13:20','Explicabo voluptatem deleniti sit nemo consequatur optio maxime. Qui ullam dolores sunt libero vel dolores eius. Ut omnis magnam laboriosam provident iusto odio sequi. Nemo et enim nostrum.',99,99),(100,100,'2005-05-27 08:20:29','Est expedita pariatur aut quo saepe. Est molestiae repudiandae possimus laborum sed. Ad qui minus quos dolore.',100,100),(101,1,'1997-07-04 13:50:23','Nihil qui quidem et consequatur ad quae repellendus. Et numquam suscipit ipsam impedit nihil sapiente rem. Optio enim quis reprehenderit est.',1,1),(102,2,'1974-04-01 03:53:27','Voluptate esse culpa nemo beatae tempore ullam. Quia ut molestiae deserunt sit. Similique saepe quaerat sit inventore ipsum debitis qui. Voluptas quia quibusdam omnis et doloremque maiores sit odit.',2,2),(103,3,'1972-07-02 20:49:34','Accusantium quo velit cum ex aut ut. Aut aspernatur nihil eius non ut temporibus. Qui et dignissimos enim praesentium.',3,3),(104,4,'2009-02-12 08:44:28','Ab repellendus rerum id occaecati qui culpa dicta. Dolorem sit at alias. Et quaerat eveniet velit quia delectus nobis id repellat.',4,4),(105,5,'1996-05-07 06:04:16','Eveniet iste eos sequi voluptatibus qui. Sit praesentium perspiciatis eligendi nam vero exercitationem. Assumenda quas dolorem quae iste laboriosam quidem dolorum. Aliquid occaecati nobis quaerat.',5,5),(106,6,'2011-03-12 08:49:14','Omnis porro sit quasi voluptatem. Voluptas repudiandae quidem quam est. Illum odit et alias sapiente quasi eos.',6,6),(107,7,'1975-06-28 17:45:42','Maiores est cum ipsa est quibusdam fuga voluptatem. Aut voluptatum cumque nostrum error voluptatem molestiae et. Repudiandae sed enim deleniti in maxime assumenda reiciendis. Numquam laborum ipsum voluptas unde dicta molestias voluptatum similique.',7,7),(108,8,'2021-07-07 16:25:31','Est saepe quis impedit. Eveniet nulla in voluptas maiores. Sed ut debitis velit quibusdam.',8,8),(109,9,'1979-05-31 17:39:03','Explicabo doloribus velit minus temporibus sit voluptate occaecati. Sunt earum amet voluptatem est dolor consequatur deserunt. Et sint tempora enim illo. Laboriosam ducimus dicta omnis. Animi voluptas sint facilis et.',9,9),(110,10,'1999-09-18 16:36:40','Aut ut quibusdam ipsa inventore vitae. Deserunt mollitia quia non ullam deleniti quia. Qui velit voluptatem exercitationem a omnis necessitatibus. Aspernatur et eius iusto quod illo suscipit.',10,10),(111,11,'2001-06-27 07:32:54','Id provident et nam ratione. Est est aspernatur et commodi unde accusantium distinctio. Sed animi nihil ipsum aliquam unde voluptatem.',11,11),(112,12,'1994-10-10 19:57:37','Incidunt ad distinctio natus dolorem consectetur laudantium. Odit vitae nobis sequi tempora ut pariatur molestias et. Facilis magnam aut consequuntur eligendi.',12,12),(113,13,'2017-03-18 07:32:31','Illo reprehenderit ducimus blanditiis itaque natus quae iste. Et sed aut at sed. Ea alias qui doloremque saepe. Porro natus est aut dolor.',13,13),(114,14,'1976-11-11 04:14:24','Rerum sit blanditiis et eum ut sint. Quas quod occaecati blanditiis eos quisquam sit omnis. Repellendus et laboriosam quo.',14,14),(115,15,'2013-07-05 04:42:21','Aliquam praesentium atque accusamus vel sit. Quasi voluptatem exercitationem quo at qui sapiente minima. Praesentium eius sunt reprehenderit occaecati. Illo quod sed perferendis eos ratione qui illo nemo.',15,15),(116,16,'1991-03-19 03:58:43','Veniam similique sequi ut dolores. Laboriosam amet voluptatum non. Consectetur dolor voluptate vitae magnam voluptates ex id. Itaque aut omnis et.',16,16),(117,17,'1990-02-22 13:06:52','Et nemo consequuntur fuga qui quos. Est ab aliquid voluptate qui. Adipisci assumenda voluptatibus voluptatem a. Omnis sed voluptas delectus est.',17,17),(118,18,'2016-06-15 17:37:18','Beatae laudantium dolor veritatis incidunt. Voluptatem nesciunt ducimus natus nesciunt ea voluptate possimus.',18,18),(119,19,'2004-01-14 20:40:47','Minus modi aut qui rerum quidem. Suscipit illo alias eum consequatur illum.',19,19),(120,20,'1996-05-15 19:45:16','Voluptatem hic et et quod eum similique. Similique ab dolores et corporis qui alias magnam. Vero accusantium alias aperiam dolor debitis sed totam at.',20,20),(121,21,'1982-03-29 03:18:58','Voluptatem dolorem velit reprehenderit et consequatur natus incidunt. Reprehenderit ducimus qui enim eius velit deserunt similique. Autem sequi at exercitationem mollitia.',21,21),(122,22,'1991-10-13 00:26:49','Enim at minus nemo cumque quisquam cupiditate. Necessitatibus illo numquam libero aut est earum eum. Minus deserunt quia ut perferendis. Aut quasi rem ut eos pariatur. Ea esse voluptatem ad.',22,22),(123,23,'2013-10-25 00:34:38','Magni inventore molestiae eos. Odit officiis repellendus voluptas dolores magni. Eum atque molestiae facilis nemo veniam nisi nihil. Quos neque aspernatur necessitatibus inventore expedita. Quia quasi odit eum officia recusandae vel inventore.',23,23),(124,24,'1978-11-05 06:33:00','Nulla eius nobis et officiis soluta tenetur explicabo. Voluptatem at consequatur voluptatem minus. Unde libero qui et velit. Placeat assumenda omnis corporis mollitia.',24,24),(125,25,'2008-07-20 18:33:47','Autem ducimus totam qui hic. Aut quos quod ut. In qui voluptatum ipsam enim minima ipsum. Id rerum tempora est sint sed sunt.',25,25),(126,26,'2008-07-14 18:07:31','Eos exercitationem ut ipsam quas in beatae dolores. Asperiores aperiam voluptatum cupiditate quis sunt voluptas maxime. Magni ipsum non debitis rerum exercitationem. Ab a porro quia sint.',26,26),(127,27,'2015-07-10 05:55:57','Aut suscipit fugiat debitis nihil. Ut rerum error et molestiae et ipsam animi. Molestiae libero et placeat exercitationem aut architecto. Dolorum et ut non quaerat aspernatur dignissimos laboriosam earum.',27,27),(128,28,'1996-07-25 14:57:39','Repellat et dolorem ipsa impedit esse asperiores. Non autem repellat deserunt nulla. Minima officia ut nisi aut animi voluptas.',28,28),(129,29,'2008-11-08 16:49:03','Facilis consequatur ratione omnis praesentium. Ea architecto fugiat velit modi. Harum velit et corrupti qui tempore libero.',29,29),(130,30,'2001-05-22 00:23:26','Omnis quod incidunt aut velit. Architecto sequi est ipsa velit amet et eveniet quasi.',30,30),(131,31,'2005-05-07 15:32:36','Incidunt distinctio fuga molestiae dignissimos provident. At et voluptatibus ratione. Omnis architecto laudantium eligendi dolorem nesciunt vero quia minus.',31,31),(132,32,'1977-01-13 16:19:56','Explicabo necessitatibus aut corporis distinctio. Quia facilis cupiditate impedit libero harum doloremque. Quo maiores ut aut veniam ut ea. Minima sapiente earum et ut perspiciatis unde.',32,32),(133,33,'2019-11-01 05:59:58','Quo quo nisi labore. Non est pariatur quia sint. Possimus et nostrum officia optio est. Totam tempora velit accusamus et voluptatibus ipsa et numquam.',33,33),(134,34,'1987-05-19 14:54:14','Saepe quis sint quia fuga libero. In natus quam rerum soluta consequatur enim et. Ratione sed ex corporis praesentium qui laboriosam eaque.',34,34),(135,35,'1970-11-11 03:41:22','Ut iusto eveniet animi eos nihil nulla. Veritatis non voluptatem sed. Impedit saepe dolorem molestias. Sed quia quaerat mollitia aut sed.',35,35),(136,36,'2009-08-20 17:03:31','Sit dolores itaque eligendi consequuntur laudantium. In sapiente dolorem voluptatem est. Optio ut quia dignissimos ut. Vitae non dicta sed enim magnam.',36,36),(137,37,'2014-03-09 08:09:12','In eum amet amet sunt molestiae atque maxime. Nobis reiciendis repudiandae vero et aut error architecto. Accusamus et modi libero qui ipsum quos. Rerum cupiditate doloremque magni et animi quisquam qui.',37,37),(138,38,'1987-01-29 12:01:39','Fugiat eaque nesciunt ipsum. Perferendis et hic quae. Nemo quidem ab quasi ipsam sunt doloremque. Quasi sunt et vel aut reiciendis.',38,38),(139,39,'1981-02-14 22:31:49','Tempore incidunt quos quibusdam nostrum provident. Voluptas nam iusto in autem autem. Tenetur eaque voluptatum rerum voluptate quia id magni. Assumenda enim fugiat quia eum pariatur blanditiis.',39,39),(140,40,'1991-12-18 02:25:04','Aut delectus aut fugiat omnis nihil dicta. Aut recusandae soluta dignissimos ex incidunt. Voluptatibus eos omnis natus rerum enim. Doloremque enim architecto ut.',40,40),(141,41,'2004-06-06 04:02:17','Aut aliquid dolorem sint dicta eveniet distinctio. Ut dicta expedita quo corrupti inventore non. Aut odio voluptate deserunt sequi.',41,41),(142,42,'1998-05-12 09:50:57','Et omnis quo impedit consequatur velit. Dignissimos consequuntur consectetur accusamus dignissimos dolores. Esse nemo similique autem repudiandae. Molestias earum ullam dolor non inventore rerum magnam tempore.',42,42),(143,43,'2007-12-17 06:38:13','Aliquid tenetur tenetur qui ut blanditiis. Aliquam in porro debitis qui quia rerum nobis. Consequatur occaecati consequatur ex. Possimus molestiae repellendus est sit et non illo.',43,43),(144,44,'1977-10-02 01:10:53','Quaerat voluptatem et est quas autem error. Inventore recusandae reprehenderit quis et aut dicta. Delectus in odit necessitatibus soluta.',44,44),(145,45,'2017-10-06 18:51:41','Ea accusamus aut voluptate omnis reprehenderit quasi dolore. Qui eveniet nesciunt ratione voluptas dolor quia quo facilis. Sint culpa aspernatur rerum ut veniam et dolorum.',45,45),(146,46,'1973-02-19 12:05:39','Et alias corrupti dolorem natus molestiae amet fugit. Aliquid assumenda aut distinctio voluptates corrupti similique. Accusantium quia tempora rem enim. Aspernatur est qui omnis commodi.',46,46),(147,47,'2006-05-21 07:14:19','Corrupti nisi asperiores doloribus eum dignissimos veritatis. Cupiditate sed fugit et porro aut maiores. Quasi eos repellat eos quos. Sed maxime aperiam accusantium libero eos molestiae.',47,47),(148,48,'1996-07-28 11:01:58','Expedita quia eos occaecati accusantium aliquam sed. Cum quo fugit ut aperiam qui totam sint. Vel qui quia et delectus itaque aut id.',48,48),(149,49,'1972-08-05 20:54:20','Asperiores perspiciatis dolore expedita et dicta eveniet. Cupiditate nulla ab ut error.',49,49),(150,50,'2014-01-10 16:43:20','Voluptatem dolorem quidem ducimus ut vitae illo sed consequatur. Similique illo et est enim beatae quis qui. Ipsum quam id temporibus. Quo et sed neque amet magnam.',50,50),(151,51,'2003-06-06 02:19:26','Eveniet aliquid voluptatem quia nemo officiis voluptatem rerum. Eveniet non dolorem voluptatem ad commodi ducimus. Nisi nisi qui est molestiae aut at et. Rerum reiciendis beatae perspiciatis eos aut.',51,51),(152,52,'1997-04-27 10:59:57','Quo alias molestiae libero nesciunt quos magnam voluptas. Aperiam incidunt sapiente numquam aspernatur aspernatur delectus. Omnis laboriosam reiciendis tempora et.',52,52),(153,53,'1990-06-13 21:04:23','Laudantium dolorum nesciunt laudantium dolor numquam veritatis quod. Dolore beatae illo adipisci aut. Similique sequi ut temporibus nesciunt facere deserunt. Corporis molestiae dolorem aut.',53,53),(154,54,'2009-04-06 23:30:45','Reprehenderit et eligendi et aut nemo modi eius. Magni eos perferendis nulla odit.',54,54),(155,55,'2017-03-21 11:06:17','Quidem similique perspiciatis eaque non cupiditate dolores. Delectus qui qui sed.',55,55),(156,56,'2004-11-28 13:01:59','Exercitationem voluptatem earum sit a eius. Consequatur est quos laboriosam accusantium officiis incidunt natus. Eius rerum eligendi quas quas aspernatur. Itaque ea cupiditate tenetur dolorem.',56,56),(157,57,'1992-03-23 20:29:25','Quia veritatis est quo nihil fuga quidem. Assumenda aliquam et sed sit impedit distinctio maiores. Repellendus est rerum alias eum in numquam et.',57,57),(158,58,'1988-11-30 11:17:20','Maiores esse ut eveniet. Suscipit odio nesciunt fugit est. Saepe molestiae nesciunt aut voluptates voluptate.',58,58),(159,59,'2012-01-13 22:47:17','Quis facilis officiis non laudantium. Delectus voluptate aut repellat corrupti.',59,59),(160,60,'2000-09-13 05:57:42','Qui et corporis voluptatibus nesciunt nulla. Facere quam exercitationem rem repellat ut. Et quia nihil autem possimus.',60,60),(161,61,'1971-11-21 10:26:45','Aut veniam reiciendis doloremque ipsum nam adipisci. Praesentium expedita quo ratione voluptas nihil. Dolorem assumenda autem quis libero mollitia.',61,61),(162,62,'1977-07-10 18:04:45','Ipsum perspiciatis fugit quod voluptatem. Qui voluptatem omnis saepe provident possimus culpa. Temporibus dolor enim iure tempora. Quis iusto quo sequi.',62,62),(163,63,'1997-10-14 09:59:18','Eligendi enim accusantium et odio et voluptatem. Voluptatibus ea non provident nostrum repellendus et sint. Adipisci quisquam omnis animi minus laboriosam molestiae. Quis et exercitationem et aut excepturi explicabo inventore doloribus.',63,63),(164,64,'1983-03-06 10:22:54','Saepe dolorem eos impedit est accusamus. Est est qui magnam in minus. Quibusdam et incidunt rerum sit in. Similique alias quo dicta quis sunt. Quidem qui nisi error enim blanditiis.',64,64),(165,65,'2001-09-24 04:24:41','Qui illum tempore amet consequatur et atque nobis. Sapiente culpa perferendis doloribus. Ea laudantium minima dolorem rerum sapiente. Et quo ea nobis dicta eum deleniti.',65,65),(166,66,'1977-11-17 03:05:56','Non ut molestias delectus at laboriosam reiciendis. Sed minima similique itaque aspernatur. Est beatae temporibus sequi possimus. Voluptatibus velit sed corporis autem ipsum ab consequuntur maiores.',66,66),(167,67,'2009-06-03 23:53:02','Et sunt incidunt quis voluptas. Voluptatem velit iste laudantium.',67,67),(168,68,'2021-06-16 09:52:41','Quos odio sed ipsam accusantium eum at. Eligendi incidunt omnis reiciendis enim in nobis et. Aut voluptas totam voluptates aut.',68,68),(169,69,'2014-12-13 06:56:25','Dolore sit cupiditate quo ipsum voluptatem cupiditate. Voluptas praesentium qui nesciunt. Error minima quibusdam est similique. Impedit accusamus magni sunt rerum mollitia nisi delectus iste.',69,69),(170,70,'2008-08-24 16:17:53','Animi quisquam rerum saepe dolores sint quasi. Magnam officiis pariatur voluptas laboriosam. Dolor non sed aliquid ut consequatur et placeat. Ut perspiciatis ipsum ea. Officia ea quos aliquid ratione ut molestias.',70,70),(171,71,'1976-11-04 03:33:17','Quae et ex occaecati omnis ut officiis aut et. Et et iure reiciendis minus quos sapiente quae. Qui quam ab quia eaque repellendus. Dolores est vero placeat maiores iste.',71,71),(172,72,'1987-04-05 08:23:34','Libero suscipit quas voluptatem consequatur non. Accusamus quo quis quia vitae. Suscipit ratione ipsa qui accusantium. Sint ea qui est maxime ratione quam.',72,72),(173,73,'1994-01-22 02:25:33','Sint blanditiis sed fugiat tenetur similique. Est sit et optio qui nulla occaecati commodi. Deleniti ipsum temporibus minus maiores. Dolor consequatur voluptas ab libero voluptatem. Ea quo eos error cupiditate.',73,73),(174,74,'2012-08-21 14:59:21','Officia culpa atque libero deleniti eos aut. Qui ducimus ullam ratione voluptatum omnis in. Deserunt enim et a officia voluptate laborum.',74,74),(175,75,'1981-08-04 11:37:58','Quae ut ullam sint repudiandae hic. Deserunt velit autem quidem dolores occaecati voluptate sed optio. Est fugit id et eum eos laborum ipsa. Omnis excepturi ut iusto vel corrupti accusamus voluptatem quis.',75,75),(176,76,'2011-02-04 07:19:19','Qui rerum perferendis debitis tenetur voluptatem recusandae. Nulla sit sint est blanditiis illo. Nihil nihil occaecati aliquid aut qui voluptas.',76,76),(177,77,'2006-06-30 18:47:54','Aut et inventore similique qui. Ex asperiores pariatur ut voluptatum ratione sint non. Vitae voluptas ut ipsam et perferendis numquam. Facilis sed numquam soluta cumque ut nulla enim. Et molestias sit minus in quae nulla.',77,77),(178,78,'2004-07-27 22:30:16','Quis labore dolorem eum. Doloremque vel eum suscipit nisi. Rerum vitae temporibus voluptate sunt tenetur officia soluta.',78,78),(179,79,'2008-02-14 13:41:34','Eos eos a magni maiores illum sequi sed. Aperiam quasi dicta repudiandae est minus voluptas voluptas laudantium. Consectetur architecto excepturi quis id. Quibusdam quod eum fuga voluptatibus culpa id.',79,79),(180,80,'2008-01-21 01:13:55','Reiciendis enim explicabo iusto dolores. Culpa sunt aut voluptate deleniti non pariatur aut. Fugiat nulla ullam omnis incidunt voluptatem iure.',80,80),(181,81,'2012-01-15 10:03:51','Facilis accusantium nihil repellat perspiciatis suscipit sint. Culpa tenetur error rerum debitis molestiae sint soluta. Quod in in aut molestiae nam debitis.',81,81),(182,82,'1984-10-29 12:30:49','Et illo consequatur repudiandae aspernatur illum ipsa. Voluptatem fugit repudiandae necessitatibus eum. Dolorem qui dignissimos perspiciatis consequatur aliquid.',82,82),(183,83,'1996-09-02 17:17:18','Sed sapiente vel vero est enim omnis asperiores fugit. Sint quidem soluta sit natus quisquam. Hic quibusdam est unde aliquid.',83,83),(184,84,'1980-07-24 13:39:26','Iste dolor occaecati quibusdam ad rerum. Voluptates rem sunt qui distinctio. Consequatur optio facilis ut. Saepe omnis officia delectus magnam quidem maiores.',84,84),(185,85,'2013-09-27 12:03:06','Incidunt rerum maiores explicabo sed eum voluptate ullam magnam. Veritatis molestias itaque ut possimus sapiente error odit.',85,85),(186,86,'1983-10-02 20:28:16','Sit ut voluptatem ea reiciendis. In ea incidunt et dolor sed odit quo. Atque asperiores assumenda non officiis ratione. Repellat assumenda ut iure ducimus molestias accusamus repudiandae odio.',86,86),(187,87,'1991-11-18 20:20:54','Minima aut quis dicta minima eaque omnis quo occaecati. Adipisci impedit enim et molestiae rem odit dolores. Ipsa earum sit est qui magnam. Quos eum ea molestiae quia.',87,87),(188,88,'1988-06-12 01:07:40','Enim non velit magnam. Repudiandae sit cupiditate sequi. Aut id est dolores delectus et reprehenderit. Ut animi excepturi veniam sit similique magnam.',88,88),(189,89,'1992-09-14 04:13:25','Hic rerum ipsa corrupti consequatur. In sapiente porro aliquam aliquam modi. Occaecati et natus incidunt et.',89,89),(190,90,'2014-03-15 00:53:10','Quibusdam qui sed et voluptas. Eligendi veritatis ut quo quidem distinctio porro quidem. Aut eum illo harum deserunt ipsam repudiandae ipsum illo.',90,90),(191,91,'1979-03-07 15:20:38','Doloremque doloremque architecto ut sit. Veritatis voluptate ut officia numquam. Minus iusto sapiente fugiat molestiae. Cum aliquid qui odio. Vero quidem nam iusto eum quas dolor dolores.',91,91),(192,92,'1991-06-22 10:08:02','Rerum labore doloremque blanditiis molestiae minus. Incidunt aut illum quia asperiores. Molestias est voluptatem delectus temporibus est modi iste. Sequi sed molestiae est iste et quo.',92,92),(193,93,'1998-04-02 16:34:59','Hic officiis doloremque consectetur et praesentium. Autem voluptatem in est quasi. Vel itaque sapiente omnis deserunt hic.',93,93),(194,94,'2013-03-08 09:09:55','Occaecati at culpa veniam doloremque. Et illo totam in nihil eligendi. Dolor vero fugiat assumenda reprehenderit quis.',94,94),(195,95,'1997-07-29 04:17:32','Repudiandae inventore consectetur autem qui quia error culpa. Non ipsa esse dolores. Eligendi iusto reprehenderit adipisci sed dolorem accusamus quibusdam consequatur.',95,95),(196,96,'1993-05-10 01:15:59','Iusto sint optio vel tempora. Qui ea illo dolorem aut rem. Quo itaque ratione culpa esse esse.',96,96),(197,97,'1980-02-15 04:14:23','Ipsam quae velit id ut eum. Vel et odit vel doloribus autem. Expedita dolorem sapiente natus sit soluta aut occaecati.',97,97),(198,98,'1983-11-06 04:57:34','Eos est sint sequi nam est ullam. Tempore aut aspernatur dolorem odit nulla. Nam sequi perferendis dolorem quia. Et adipisci iste saepe voluptates omnis molestias.',98,98),(199,99,'2000-06-27 21:54:55','Tempora laboriosam porro nam aperiam aut aut. Magnam alias asperiores ab sit. Dolore qui earum eos numquam reiciendis. Molestiae in earum rerum id corrupti. Ex excepturi aut cupiditate quo explicabo.',99,99),(200,100,'1976-04-10 06:44:30','Quia enim labore qui velit. Minima dicta autem quod ut. Nihil veritatis et voluptate quisquam sed minus qui sed.',100,100),(201,1,'1999-02-28 07:27:40','Dolores ut voluptatem ut et voluptas nihil eos. Fugit deleniti culpa hic quidem aut minus. Ut voluptas quia id sit. Fuga repellat consequatur cupiditate illum.',1,1),(202,2,'1979-07-27 19:39:17','Quo perspiciatis ut soluta cum sapiente. At et pariatur sint ullam quia molestiae. Omnis omnis iste dolores minima. Hic autem qui molestias aut.',2,2),(203,3,'1997-06-05 20:55:29','In explicabo ex optio exercitationem totam. Velit quia ullam et. Dignissimos at consequatur eius praesentium.',3,3),(204,4,'1990-12-20 09:15:34','Illo deserunt recusandae sequi voluptas recusandae dolore ex. Laborum exercitationem voluptate quia nam dolor aut. Sit eos aut ad distinctio ex. Et labore alias aut eveniet voluptatem consequatur aut.',4,4),(205,5,'1989-09-29 22:57:18','Explicabo quia tempore perferendis dolore aut est. Voluptatem consectetur at laboriosam id.',5,5),(206,6,'1990-01-19 11:20:35','Aliquam quia quos non ut porro et est. Nemo voluptas magnam fugit eos. Ut voluptatum earum et ea est velit vel eos. Debitis numquam facilis consectetur dignissimos.',6,6),(207,7,'2001-08-01 17:29:05','Enim animi aut molestiae consectetur non consectetur. Quia quasi labore magnam non.',7,7),(208,8,'2014-08-18 17:19:34','Accusamus voluptate doloremque blanditiis nisi nostrum mollitia. Laborum velit et omnis quod. Aut doloribus qui voluptas exercitationem. Molestiae non non repudiandae.',8,8),(209,9,'1979-05-28 01:41:15','Hic molestiae beatae nemo qui quia quasi reprehenderit. Veritatis velit inventore iure asperiores dolorum nihil quo.',9,9),(210,10,'2013-03-24 02:48:08','Deleniti nihil ut ut quia. Asperiores et aut quisquam ut consequatur sed incidunt ut. Provident deleniti minus eaque. Ut eveniet quod id qui.',10,10),(211,11,'1997-10-07 00:02:40','Ex maxime ipsa aut saepe necessitatibus quaerat. Accusantium quidem et doloremque quo eveniet. Quasi reiciendis consectetur rem sint. Sed exercitationem tenetur ratione vitae accusamus.',11,11),(212,12,'2001-03-25 10:16:32','Itaque itaque et quia dicta dolore in. Non voluptates nemo dolor ut minus. Adipisci necessitatibus ut quae et repudiandae laboriosam sit.',12,12),(213,13,'2015-10-27 04:00:34','Excepturi aut eaque occaecati est praesentium molestiae. Culpa ut quo corporis dicta quis nesciunt. Eaque officia ea blanditiis in.',13,13),(214,14,'1985-05-02 23:07:19','Minima recusandae et amet laborum eveniet facere debitis autem. Nesciunt earum expedita itaque delectus nesciunt suscipit error. Doloribus quasi amet doloremque repudiandae ut cumque voluptas.',14,14),(215,15,'1974-02-18 19:17:24','Nihil et rerum iste corrupti. Distinctio dignissimos sit doloribus.',15,15),(216,16,'1987-12-06 20:52:06','Ex dignissimos aut velit sint. Non inventore nostrum voluptatibus placeat. Provident non consequatur voluptatum est.',16,16),(217,17,'1982-05-12 06:05:47','Tempore autem dolores rem et nesciunt et nemo. Quas in consequuntur quibusdam voluptas qui dolorem et. Suscipit sapiente accusamus vero voluptas rerum molestias. Velit voluptate delectus dolorem eum ut.',17,17),(218,18,'1975-06-21 00:20:20','Odit qui officiis aut nisi et nulla culpa. Quis doloribus et et qui. Deserunt rerum id aut cupiditate qui.',18,18),(219,19,'1979-03-02 23:24:56','Quae sit illum eveniet minima voluptatibus sed ducimus. Sit magni facere vero sit et corrupti. Qui consequatur non omnis vitae excepturi quo.',19,19),(220,20,'1995-04-25 16:27:59','Exercitationem rerum doloribus qui ut. Deleniti necessitatibus quaerat non omnis. Dolore fuga illo voluptatem voluptatum sunt ipsum voluptate assumenda. Sed possimus aspernatur quas odio cupiditate non nobis.',20,20),(221,21,'1998-11-25 21:14:35','Vitae consequatur commodi fugit aut est. Harum ullam quis ipsam quidem. Qui iste possimus aut. Qui ut sapiente ipsa sed quas.',21,21),(222,22,'1975-12-22 15:08:20','Vel labore et quia quia. Architecto natus voluptatem et id. Tempora tempora tenetur harum officia accusantium exercitationem. Accusantium voluptatem excepturi odit et.',22,22),(223,23,'1992-02-21 01:40:16','Ea accusantium rerum laborum tempora. Earum voluptatem quas mollitia fugiat numquam consequuntur harum quam. Assumenda illo ex quia blanditiis iusto. Ducimus sequi blanditiis modi incidunt qui dolorum enim.',23,23),(224,24,'1990-03-05 17:50:44','Quam maxime accusantium dolores. Eos consectetur quasi alias ex. Voluptatibus ut non temporibus molestiae quae voluptate. Ipsa vitae rerum nesciunt ut earum.',24,24),(225,25,'2018-09-29 06:27:47','Corrupti fuga consequatur harum esse. Rerum repudiandae cupiditate quos laboriosam nulla quaerat.',25,25),(226,26,'1993-01-22 02:17:18','Velit natus voluptate et maiores ut impedit magni. Et consequuntur numquam asperiores quam cupiditate iusto. Voluptatum sapiente et quisquam harum odit dolor harum. Quasi laudantium facere nulla asperiores non doloremque.',26,26),(227,27,'1994-09-21 00:47:32','Neque porro debitis laboriosam consectetur quo voluptas et cum. Quos necessitatibus ut nihil veniam. Voluptatem occaecati fugit inventore reiciendis dolor.',27,27),(228,28,'1986-02-06 17:52:43','Ab aut neque dolore sed qui animi qui quidem. Laudantium atque neque sit consectetur sed deserunt. Dolorum sequi optio perspiciatis totam consequatur iusto in.',28,28),(229,29,'1972-05-31 22:45:29','Aliquam vero voluptates est minus culpa accusantium odit. Dolorum dolor fuga pariatur maiores eius. Est quidem earum qui et blanditiis.',29,29),(230,30,'1994-01-06 14:04:16','Iste est quisquam quia ea. Quis itaque sint quisquam molestiae est consectetur.',30,30),(231,31,'2018-09-08 09:21:39','Veritatis suscipit sequi iure minus quisquam qui. Iste commodi est autem aut quasi accusantium iusto. Facilis quo ea saepe tempora alias distinctio.',31,31),(232,32,'1994-06-29 12:16:53','Atque voluptate ipsum veritatis cumque delectus. Qui nulla est quaerat. Voluptatum quia voluptas voluptatem autem et ut id est.',32,32),(233,33,'1997-08-20 15:19:19','Nostrum quod ut voluptatem doloribus quas. Quia culpa dolor beatae nesciunt distinctio sequi molestiae. Qui sit ipsam ea esse dicta.',33,33),(234,34,'1979-06-27 04:41:22','Sit maxime nam ad reprehenderit. Voluptatem labore nemo laborum sequi sed eos voluptates. Iusto velit voluptate eaque magni quae aut distinctio expedita.',34,34),(235,35,'1997-08-12 03:01:22','At esse dolorum laboriosam quia. Velit qui distinctio debitis voluptatum reprehenderit autem. Est veniam quo facere ipsa ut veritatis ut. Modi ut neque rerum qui.',35,35),(236,36,'1972-11-09 07:50:03','Facilis voluptatibus id eum rerum quas aspernatur. Quisquam voluptatem et dicta dolore perferendis rerum. Quidem et odit non ex dolor eius facere. Commodi amet veniam quo qui et eum ipsum.',36,36),(237,37,'1990-02-12 06:18:01','Rem aut ut voluptates similique est nostrum. Cumque et recusandae dolores. Animi et quia et odit voluptas.',37,37),(238,38,'1986-12-03 20:06:21','Ratione in sed maxime. Est amet nobis dolores ea. Sint repellendus vero placeat nihil mollitia qui.',38,38),(239,39,'1995-10-21 10:14:34','Quae nobis sed quod sapiente quaerat quasi non. Aliquam repellendus doloribus quod. Suscipit odit omnis voluptas numquam. Dolorum doloremque temporibus voluptate incidunt. Cumque voluptate aspernatur libero exercitationem asperiores.',39,39),(240,40,'1979-05-03 20:26:14','Repudiandae quasi enim repellendus voluptatibus. Impedit aut deserunt quos. Aut enim consequatur quasi provident sit et.',40,40),(241,41,'2018-02-16 05:50:25','Ea est rerum hic dolor. Dolor necessitatibus ut ut tempora non ducimus dicta. Quis rerum officia nihil aut.',41,41),(242,42,'1998-06-15 13:30:03','Quis totam sunt odio inventore aut. Recusandae distinctio cupiditate veritatis ad. Perspiciatis id quo voluptas debitis labore ratione.',42,42),(243,43,'1974-10-15 06:57:27','Cum et atque ut. Quibusdam nesciunt corrupti doloribus laborum.',43,43),(244,44,'1995-11-11 16:43:26','Incidunt corrupti voluptate temporibus rerum laborum. Quasi et neque sapiente nam voluptas blanditiis earum. Eveniet natus autem omnis voluptas numquam fuga.',44,44),(245,45,'1977-09-04 08:21:57','Est non minima et quibusdam blanditiis. Sed nihil perferendis dolore excepturi. Voluptas nihil sunt consectetur qui.',45,45),(246,46,'1996-03-12 18:12:30','Sint et expedita voluptas id. Nemo beatae et dolores nostrum nemo ducimus voluptate. Non ut ullam et a aut eum.',46,46),(247,47,'1997-03-17 14:05:45','Aut reiciendis aut eaque et id facere. Quod voluptas cupiditate praesentium rerum. Voluptatum quis quas dolorem libero aliquam earum nihil. Qui aut totam assumenda architecto rerum esse quas.',47,47),(248,48,'2005-05-13 14:21:10','Sit dolorum eos enim quod placeat iusto ducimus. Nam minus ipsum et eum repellendus. Id id est omnis eum dolor nihil. Necessitatibus explicabo inventore at ut inventore voluptatibus.',48,48),(249,49,'1993-11-06 15:22:38','Eos dolorum necessitatibus qui voluptatem qui quas soluta. Maiores omnis et minus ut reprehenderit. Sunt asperiores et incidunt sit dignissimos sed est.',49,49),(250,50,'1988-06-20 04:51:18','Magni repudiandae ut a quia consequatur id. Aut eligendi rerum ipsam consequatur. Sit non alias aliquid et est. Eveniet non adipisci aliquid quisquam quaerat optio tempore.',50,50),(251,51,'2016-04-18 07:43:40','Et asperiores delectus dignissimos facere sapiente recusandae. Tempora magnam et nemo laborum nesciunt esse soluta. Cum repellat maiores quo quidem.',51,51),(252,52,'1996-11-09 22:21:35','Molestias nisi dolore sed quaerat in numquam ducimus. Temporibus molestiae velit placeat qui incidunt dolore. Laboriosam nisi expedita optio impedit facere.',52,52),(253,53,'1983-10-04 21:34:14','Cupiditate aut fuga sed voluptatum illo rerum et. Recusandae quae dolorem rerum vero. Illo non voluptatum omnis molestiae. Accusantium vitae occaecati incidunt corrupti.',53,53),(254,54,'2019-06-02 20:34:40','Numquam porro maxime illum dolorem. Deleniti beatae fuga quis eos cumque qui tempore. Unde deleniti quis ut voluptatibus.',54,54),(255,55,'1973-10-23 07:08:49','Culpa quos vel pariatur et nemo consequatur. Illum eius unde ipsum. Et animi quis et accusamus nam blanditiis. Consequatur vitae sunt non ut aspernatur modi quos.',55,55),(256,56,'1982-03-06 15:14:46','Voluptatibus culpa recusandae eum. Dolores saepe animi molestias aut eaque. Illum tempore esse cupiditate voluptatem vitae. Tempora vel reiciendis omnis commodi quia cum. Iste et ducimus et quae repellat delectus.',56,56),(257,57,'2020-12-20 03:33:59','Voluptatem omnis omnis dignissimos rerum. Commodi non dolores itaque. Rerum consequatur modi illum deleniti.',57,57),(258,58,'1988-12-24 15:24:43','Assumenda ex sunt consequatur occaecati laudantium architecto et recusandae. Eos ea corrupti eos aspernatur mollitia aut sit sit. Voluptatum consequuntur repudiandae quasi dolor. Qui dolor amet consequatur.',58,58),(259,59,'1991-03-04 10:09:33','Saepe ab atque est ut non. Id cupiditate excepturi quo quia commodi ipsam omnis. Consectetur omnis dolorum mollitia sint voluptatem earum magnam.',59,59),(260,60,'1984-04-08 20:56:29','Veniam id quod et laboriosam et. Rerum exercitationem sint totam minus qui asperiores. Hic vel numquam et quae est.',60,60),(261,61,'1993-11-26 19:17:46','Praesentium ut repudiandae eaque accusantium sequi est et in. Neque quasi minima quis molestiae. Dolorum maiores accusantium possimus nesciunt aperiam explicabo quam. Voluptas laudantium repudiandae dicta aspernatur dignissimos reprehenderit.',61,61),(262,62,'1998-09-11 14:23:56','Aut dolores porro debitis enim minus animi enim. Dolorem itaque voluptas vitae dolorem voluptas nobis. Est ducimus ducimus asperiores sed aliquid. Enim sed numquam consequuntur.',62,62),(263,63,'2000-07-10 06:43:03','Rerum sunt perferendis nihil placeat sed aut. Deserunt excepturi quaerat aut iusto ducimus. Soluta exercitationem excepturi quia. Eos nesciunt nulla nostrum ut dolores.',63,63),(264,64,'1991-03-17 10:15:21','Aut nulla quae earum quas. At atque et voluptas provident repellendus reiciendis itaque modi. Quo labore est deleniti aut unde qui.',64,64),(265,65,'1988-05-19 20:25:43','Minus minima occaecati omnis est dolor voluptatem et labore. Et blanditiis est enim quia aut voluptatem.',65,65),(266,66,'2020-07-13 02:45:24','Ducimus rerum nihil quo sunt cumque. Dolor assumenda ipsum et odio omnis.',66,66),(267,67,'2014-06-20 22:14:19','Doloremque error ut quas voluptas. Aperiam et qui suscipit tempore officiis. Natus eveniet quia non architecto. Suscipit aliquam molestias est asperiores at temporibus dolorem.',67,67),(268,68,'1991-05-20 10:25:26','Id aperiam veniam et recusandae culpa. Odit quasi aut labore blanditiis. Ut quo consequuntur minus sint eligendi.',68,68),(269,69,'1986-12-20 22:52:42','Enim at aut modi nobis nemo culpa. Sed possimus aut aut ducimus. Praesentium qui adipisci recusandae quia. Dolorem error dolor perspiciatis qui inventore.',69,69),(270,70,'2005-06-02 01:48:24','Aut voluptatum in ducimus. Ut et quia sint. Voluptatem omnis porro maxime fuga ab ratione totam.',70,70),(271,71,'2016-11-12 16:53:00','Nihil necessitatibus repellat omnis ut aut consequatur perferendis. Ratione ad vero et autem itaque necessitatibus. Quaerat praesentium reprehenderit tempore cupiditate.',71,71),(272,72,'1992-10-10 09:28:37','Ipsum beatae quibusdam maxime nobis nulla ducimus. Eius occaecati aliquam sunt facilis reprehenderit. Sunt aperiam ab et ea soluta nisi.',72,72),(273,73,'1971-07-03 14:47:31','Blanditiis alias quia excepturi harum. Tenetur id earum cumque et. Quae aut accusamus atque quisquam.',73,73),(274,74,'1977-05-26 04:46:37','Ipsam eum consectetur numquam commodi quisquam quae. Nulla fugiat velit asperiores ex non. Quia optio consequuntur ullam eaque et.',74,74),(275,75,'1991-05-11 10:57:16','Sit id aliquam assumenda est similique et. Qui eos nam autem voluptatem placeat in mollitia fuga. Provident aut repellat aut reprehenderit blanditiis mollitia dolorum.',75,75),(276,76,'1978-07-19 08:58:16','Beatae commodi autem voluptas ipsam voluptate. Ex voluptatibus autem deserunt mollitia sit. Et nulla sint dolor ea aperiam autem sunt.',76,76),(277,77,'2012-12-27 18:17:34','Consectetur sit et dolores pariatur soluta. Aut molestiae rerum provident voluptas nostrum. Necessitatibus quis voluptatem iste voluptas.',77,77),(278,78,'1976-08-16 07:41:14','Eos quo quo saepe et. Inventore iste facere quae. Quaerat possimus amet corporis tenetur. Earum quia et et ut eaque vel.',78,78),(279,79,'1981-12-28 17:13:36','Inventore est ut repudiandae nostrum. Doloremque consequatur qui molestiae ipsam fugit ex. Odit nostrum eum numquam impedit sint aut cum. Sunt laboriosam sit id eos veniam eum necessitatibus.',79,79),(280,80,'1974-09-12 19:01:16','Doloribus ut corrupti omnis. Consectetur eum quasi enim sunt dolorum et. Sed neque saepe eius.',80,80),(281,81,'1988-08-14 22:09:26','Perspiciatis sed cupiditate reiciendis. Culpa earum aut deleniti quia rerum dignissimos omnis. Et qui beatae quae maxime quisquam.',81,81),(282,82,'1980-03-09 09:19:02','Accusantium esse aut occaecati eaque ullam eius. Officiis quia placeat voluptatem non eum autem rerum aliquam. Deserunt praesentium corporis hic. Est omnis molestiae ipsam ad corporis eos.',82,82),(283,83,'1976-05-05 01:29:37','Assumenda neque magni labore magni enim corrupti in. Eligendi eos doloribus est non rem.',83,83),(284,84,'2015-07-31 19:12:48','Facere autem quia dolor ab quo aspernatur quo. Eveniet fuga quos saepe neque. Et rerum explicabo ipsa dolor est corporis aliquam est. Nesciunt iusto laudantium quia ipsum quisquam.',84,84),(285,85,'1993-07-03 04:35:53','Repellat cumque dolorem omnis quia. Est facere inventore odio ut. Ipsa blanditiis ut cum odio. Sapiente doloremque unde nostrum consequatur.',85,85),(286,86,'1975-07-25 20:20:36','Nam non voluptatem omnis rerum provident. Blanditiis architecto corrupti qui error. Iste recusandae quis asperiores ab quia. Corporis voluptas fugiat eum sit dolorem sed nihil repudiandae.',86,86),(287,87,'1971-08-24 08:06:29','Commodi doloribus aliquam et. Sint iusto enim quibusdam quisquam quo. Vel ullam magni dolores dolorem dolorem eligendi.',87,87),(288,88,'1985-03-22 16:10:47','Dicta dolorum odio harum. Quia error dolores doloribus. Occaecati et similique quos odio voluptatem. Ipsam nostrum iste tenetur voluptate consequatur esse dignissimos.',88,88),(289,89,'1979-09-17 16:09:28','Ullam molestiae nobis quas rem. Sed aut cupiditate id nisi omnis tempora. Ea cumque fuga amet qui repudiandae eos. Sed quasi aspernatur vel minima.',89,89),(290,90,'1987-05-15 22:29:24','Qui cumque animi dolorem adipisci et vel. Dicta nobis eveniet id qui ut officiis. Quis repellat est laborum et sed. Culpa quos expedita incidunt voluptas.',90,90),(291,91,'1982-05-28 18:37:52','Corrupti earum est provident culpa. Quis nisi molestiae quod et. Alias repellat vero dignissimos odio nihil rerum qui accusamus. Recusandae recusandae cum quia esse. Adipisci aut nobis sint eos ea.',91,91),(292,92,'1973-06-21 15:01:23','Consectetur non totam quo enim minima sed quos. Explicabo qui facilis aut aut. Nisi sit dolores quibusdam nam ut inventore quia autem. Reprehenderit reprehenderit architecto dicta. Eaque voluptatum voluptas quidem eveniet.',92,92),(293,93,'1981-02-05 12:15:33','Ex ut error rem quia est. Dicta facere quia in dicta id. Nihil voluptatem voluptate nemo qui.',93,93),(294,94,'2010-06-23 02:50:11','Ex quod vel veniam asperiores quae amet. Autem porro laboriosam aliquid aut. Veritatis doloremque aut amet laboriosam. Vel quia nam nesciunt eum labore quidem.',94,94),(295,95,'1995-03-17 07:39:55','Voluptas illum aliquam cumque fuga impedit. Molestias in minima rem occaecati voluptatem praesentium aut. Tempore molestias eum aut quo in.',95,95),(296,96,'2003-01-17 21:53:06','Ipsa vel labore nam sed dolore voluptatem. Aut dicta perspiciatis sapiente et distinctio ipsum praesentium. Voluptas et sint est dolor omnis reiciendis. Eum ea et dignissimos ab.',96,96),(297,97,'2001-12-21 04:34:01','Voluptas sequi iusto autem alias quaerat expedita voluptas. Non qui et culpa optio. Et earum dolor est rerum. Suscipit esse non exercitationem aut occaecati error. Reprehenderit cum sit fuga optio inventore voluptas exercitationem eveniet.',97,97),(298,98,'2018-07-09 05:40:07','Labore voluptatem velit eaque et sed quo asperiores. Aut perferendis asperiores iure dicta pariatur. Odit tenetur molestias tempore ea. Blanditiis rerum aut in occaecati nam.',98,98),(299,99,'2000-05-04 13:26:42','Et ducimus accusamus quo illo sit itaque. Necessitatibus impedit odio dolorum ea quis enim. Hic est dolorum expedita expedita quis pariatur. Sunt quis impedit dolorem minima beatae qui vitae.',99,99),(300,100,'1985-07-24 12:12:24','Incidunt quia quisquam temporibus iusto est eos voluptates. Tempore dolore provident eveniet labore debitis non. Nihil quis debitis ut suscipit.',100,100),(301,1,'2015-08-31 18:50:39','Qui eveniet voluptate rerum rerum odio officia. Iste voluptas saepe ut blanditiis dignissimos. Est delectus quia magni dignissimos. Occaecati debitis cum nihil consequatur at.',1,1),(302,2,'1987-05-22 18:25:45','Accusantium placeat neque illo. Et id voluptatibus est explicabo ipsa praesentium sint.',2,2),(303,3,'1985-07-22 03:49:18','Quaerat sed aperiam sequi porro voluptatum sint. Quidem et beatae deserunt quasi. Dolor iure quis perspiciatis.',3,3),(304,4,'1973-02-03 14:26:19','Quis porro illum et numquam voluptatem. Totam nihil ea soluta magni nihil sint quidem inventore. Voluptatem nihil dicta quo laboriosam cumque et rerum. Earum exercitationem beatae voluptatem.',4,4),(305,5,'2009-11-01 22:38:50','Quibusdam a qui quibusdam neque. Aliquid aut at consequuntur exercitationem cum qui. Voluptatibus voluptas veniam fuga neque sed. Assumenda qui necessitatibus fuga fugiat exercitationem odit accusantium. Nihil nihil sed vitae corrupti quisquam sapiente.',5,5),(306,6,'2009-10-30 12:49:10','At dolore optio suscipit similique inventore aperiam. Rem nihil vel provident voluptatem adipisci porro quae rerum. Est quae dignissimos est quod culpa ipsum.',6,6),(307,7,'1983-08-31 15:03:25','Iste debitis velit laudantium voluptates inventore veritatis ab. Aut quia vitae et quia sapiente tenetur. Voluptates vitae illo qui sequi. Sit quos fuga ut dolores delectus impedit.',7,7),(308,8,'2009-09-04 12:37:22','Itaque veritatis voluptates voluptatem harum explicabo. Velit dolores consequuntur et et beatae repudiandae at qui. Sit culpa ullam quas eos natus perferendis cum voluptate.',8,8),(309,9,'2016-10-16 06:54:01','Et ut architecto qui et rerum. Non a qui totam ut saepe. Odio vitae deserunt qui sint enim ab cum.',9,9),(310,10,'2017-07-10 05:48:20','Rem dolores temporibus mollitia exercitationem esse expedita nemo. Aliquam voluptatem ratione et accusantium. Distinctio neque ipsam aut eius.',10,10),(311,11,'1985-08-30 13:06:18','Quo veritatis ut dolorem nemo. Omnis quia nulla qui.',11,11),(312,12,'2003-06-05 17:00:21','Aspernatur occaecati rerum accusamus totam rerum incidunt est. Ea id expedita adipisci dicta sunt maxime. Eligendi neque nostrum fugiat aspernatur minus voluptatem fuga sit. Sint sunt natus quia enim est eum beatae.',12,12),(313,13,'1986-12-17 10:24:37','Sit exercitationem aut adipisci mollitia recusandae non. Possimus sequi dolores praesentium asperiores et et ut. In velit nemo libero ut saepe.',13,13),(314,14,'1991-12-08 05:14:09','Velit sapiente natus omnis et aut. Necessitatibus ducimus reiciendis odit quis non commodi tempora. Placeat cupiditate quae fuga non rerum natus ratione.',14,14),(315,15,'1992-11-03 12:25:35','Facilis temporibus et dolor in ipsa qui. Dolorem quia beatae quia qui et voluptatem. Iste ad laudantium minima corporis aliquid.',15,15),(316,16,'1994-02-22 02:32:07','Et molestias voluptas architecto. Quod sint non repellendus fugiat quae. Suscipit ab animi aperiam aut labore quasi. Accusamus labore inventore in consequuntur qui error quaerat.',16,16),(317,17,'2015-03-20 10:32:06','Molestiae natus facilis veniam distinctio. Qui dolores dolore non dolore eius deleniti nemo. Et ea nisi sunt nam veniam. Sequi sint aliquid porro consequatur non mollitia repellendus.',17,17),(318,18,'2005-03-28 22:01:15','Illo accusantium ducimus delectus ea sequi repellendus. Eligendi consequatur aperiam nihil aut expedita quo iure. Et in dolores adipisci quasi. Cupiditate magnam excepturi soluta voluptatem sunt error atque.',18,18),(319,19,'1977-10-26 03:26:00','Ut doloribus nemo ipsa quo autem fugiat laudantium. Dignissimos adipisci nemo voluptatem. Est aperiam error deleniti fuga cum saepe. Et cumque est esse temporibus suscipit exercitationem eos.',19,19),(320,20,'1990-11-26 21:24:44','Voluptates omnis nisi et. Quia culpa sunt quia labore distinctio qui dolor. Rem provident facere velit et. Eaque dolorum beatae quia modi atque voluptatem.',20,20),(321,21,'2009-11-14 04:55:12','Reiciendis quidem commodi quo asperiores consequatur consequatur a. Sed quae modi eum dicta. Ut quasi aut modi eaque unde voluptas repudiandae voluptatem. Quam repudiandae eaque nihil inventore quia odio eos.',21,21),(322,22,'1988-05-20 20:34:16','Voluptates sint ex rem ut. Neque eum vel beatae rem. Et tempora saepe cupiditate perferendis assumenda.',22,22),(323,23,'1988-12-05 13:11:29','Inventore et corporis nesciunt placeat numquam sed tenetur. Voluptatem voluptas temporibus voluptatem dolor. Minima excepturi excepturi quam qui. Veritatis quia id officiis est corrupti esse nisi.',23,23),(324,24,'1973-08-23 17:43:44','Velit autem magni est harum. Enim qui est placeat necessitatibus deleniti tenetur ab. Est ut ut et soluta iure odit ut. Eveniet et et quas reprehenderit corporis.',24,24),(325,25,'1986-12-30 09:17:19','Officia alias et voluptatem omnis ut. Dolores voluptas quibusdam et aut perspiciatis sit. Dolorem dolores tempora voluptas laborum quos aliquid dolorem.',25,25),(326,26,'2019-08-10 16:34:10','Voluptatem dolorem accusantium et qui. Sunt et ut doloremque nam explicabo et suscipit. Vel molestiae error dolor alias facilis. Accusamus sint dolores dicta et dicta quisquam corrupti.',26,26),(327,27,'1993-09-14 20:48:38','Nostrum voluptatem eos ducimus vero. Voluptas sint saepe qui ex dolores sed qui.',27,27),(328,28,'2007-01-18 22:07:38','Ad suscipit cumque quibusdam cupiditate officiis ipsa. Quas rerum et sint amet quia et sit eum. Cum provident iure distinctio rerum ut.',28,28),(329,29,'1993-02-19 16:10:59','Nihil cupiditate quae ut sapiente. Tempora molestiae exercitationem aut labore iusto. Nemo sit vero illum repellendus omnis quidem sit. Voluptates quia et consequatur in enim ex ducimus.',29,29),(330,30,'1983-02-23 10:57:22','Et commodi repudiandae nam ut ea sint. Qui quo quo repellendus et illo. Voluptatem voluptatem cupiditate quia non inventore delectus est.',30,30),(331,31,'2019-04-08 20:43:03','Temporibus cumque sequi sed sint fugiat. Omnis maiores ut commodi ducimus dolorem. Neque et animi est libero.',31,31),(332,32,'2003-05-12 11:29:57','Assumenda perferendis consequatur numquam consequatur. Quis omnis earum illum et qui excepturi quidem.',32,32),(333,33,'1970-02-21 23:14:19','Ad quasi ea enim ex. Voluptatibus saepe aut quas.',33,33),(334,34,'1990-11-07 01:29:15','Quia ullam corrupti iste quibusdam sequi. Temporibus earum distinctio omnis.',34,34),(335,35,'2020-11-16 07:05:41','Neque aut soluta accusamus iusto iusto saepe. Sit qui labore ut tenetur. Adipisci dolor voluptatem aut omnis hic nobis et.',35,35),(336,36,'1980-05-23 01:20:30','Expedita soluta hic quasi id. Blanditiis omnis harum impedit nulla. Facere ea dicta voluptatem alias temporibus.',36,36),(337,37,'1992-01-13 17:12:01','Unde blanditiis aut sed quod in. Eum labore inventore autem sint nisi ut. Ea debitis deserunt molestiae a tempore sequi eligendi. Iste neque recusandae animi accusamus.',37,37),(338,38,'2014-04-21 07:24:51','Nulla corporis perferendis sunt autem ab. Quod culpa quae quisquam rem eos veniam.',38,38),(339,39,'1988-10-13 20:15:08','Atque neque porro temporibus. Similique quam voluptatem qui culpa et aperiam nostrum. Eius eum reiciendis quod voluptatem autem et sapiente aspernatur.',39,39),(340,40,'1999-12-23 06:41:57','Culpa omnis laboriosam qui deleniti ut fugit. Quae deserunt ut aperiam in. Ea temporibus pariatur rerum rem qui. Quia temporibus vel perspiciatis necessitatibus officiis.',40,40),(341,41,'2010-10-10 23:07:47','Qui perferendis sed accusamus laudantium soluta non omnis et. Rerum sequi nostrum quis earum nesciunt repellendus ratione. Consequatur ab dicta quas sint quia impedit est. Eligendi error aspernatur autem omnis.',41,41),(342,42,'1977-09-13 20:26:35','Officiis sapiente ex consequuntur sit. Omnis iusto dicta quis a occaecati provident voluptas. Consectetur nulla accusamus nemo sed ut.',42,42),(343,43,'1970-11-17 15:52:26','Provident ut quia et ut laborum voluptatem nihil. Nesciunt sapiente placeat enim enim. Velit cum rerum aut.',43,43),(344,44,'2011-03-06 00:05:35','Praesentium eos qui ipsum quibusdam. Deleniti voluptatem incidunt illum assumenda est. Dolores adipisci delectus nesciunt consequatur. Quo magnam totam suscipit qui.',44,44),(345,45,'2018-12-03 08:54:44','Sed et qui illo et autem tenetur. Voluptas autem qui dolore nihil officiis adipisci. Dolorem et excepturi voluptas soluta doloribus. Libero est dolorem et illum ut.',45,45),(346,46,'2015-03-17 18:48:13','Quas non qui repellat ullam unde ex est. Voluptatem in ex voluptas officia. Quis nobis dolorum exercitationem est at voluptatem.',46,46),(347,47,'1970-04-24 09:21:48','Rem ut libero similique est quae quisquam. Qui quaerat rem omnis reprehenderit consequuntur et inventore. Ut tempore cupiditate nesciunt. Voluptatem rem dolorem culpa et ad eos qui sapiente.',47,47),(348,48,'2014-11-04 07:31:04','Tempore sint itaque reprehenderit eius consequatur distinctio nemo. Esse et sequi quia aut consequatur. Ipsa minus sapiente fugiat quis pariatur rem asperiores. Id voluptatem rerum qui aut sed est.',48,48),(349,49,'1981-10-09 20:12:51','Veritatis mollitia dolor quam quidem. Ut qui nihil exercitationem ex. Aut est culpa natus voluptas omnis inventore rem dolor. Illum ullam consequatur voluptate dignissimos.',49,49),(350,50,'1986-03-28 17:20:56','Debitis sequi nisi et nulla qui dolorem. Voluptates ut inventore dolores enim molestiae. Laborum aut magni nihil in. Autem esse sunt fugit.',50,50),(351,51,'1981-06-25 21:54:09','Nobis minima alias sed temporibus libero exercitationem. Vero facilis dicta adipisci temporibus asperiores. Commodi aliquid quasi fuga debitis eligendi. Nisi sed fuga voluptatem rerum reprehenderit veritatis voluptates odit. Eos nesciunt consectetur consectetur architecto.',51,51),(352,52,'2008-12-15 13:15:00','Voluptatem provident aut odit eius labore omnis enim. Dolor maiores qui qui unde asperiores. Eos et quo libero quia. Mollitia eum esse iusto amet. Ullam provident aut ut dignissimos quo ratione natus quo.',52,52),(353,53,'2001-08-29 10:45:18','Iste aliquam veritatis sequi repellat illo quia. Et repellendus asperiores exercitationem mollitia dolorum natus nemo qui. Aliquid laborum provident quaerat rerum. Sit quidem corrupti animi odit nemo.',53,53),(354,54,'1984-08-28 03:37:29','Quo dicta maiores quisquam et voluptatem aut. Odit at tenetur aut id maxime incidunt est aperiam. Aliquid aut aut error rem quia. Esse repellat facilis rerum modi.',54,54),(355,55,'2011-04-03 01:33:15','Voluptatem quas labore iure est dicta autem. Non rerum quisquam tempore assumenda adipisci ab optio accusamus. Beatae iure sit odit aut qui voluptas. Rerum dolorem voluptatem consequuntur et non tempora eligendi quis.',55,55),(356,56,'1983-01-06 01:04:42','Minus cum quis et ut rerum illum pariatur quis. Id aperiam et quae ut. Repellendus et sed aperiam dolorum adipisci aut. Ut dignissimos sed reiciendis voluptatem. Rerum voluptates vel natus dolorem quibusdam.',56,56),(357,57,'1995-07-21 11:05:37','Unde ratione error velit qui quo quos. Assumenda in velit impedit in voluptas.',57,57),(358,58,'2005-07-03 22:50:39','Dolor optio consequatur nihil architecto enim reprehenderit. Velit exercitationem quas adipisci dolorem. Sit ut iusto quam.',58,58),(359,59,'2016-08-26 17:37:26','In similique ad et repellat ipsam totam qui. Et enim illo nobis eius. Perspiciatis non est consequatur laborum.',59,59),(360,60,'1991-06-12 22:29:46','Nihil doloremque laborum sint ipsam molestiae. Iusto sint architecto in. Et sed consequatur sit maxime quia reprehenderit et.',60,60),(361,61,'2017-09-13 22:04:18','Rerum ipsa in quos quia corrupti. Consequuntur et atque sint et placeat repudiandae voluptates. Similique qui error et laboriosam quo magni. Voluptas perspiciatis quo sequi dolore consequuntur.',61,61),(362,62,'1996-11-18 12:58:47','Quas sunt et sed. Tenetur quo excepturi exercitationem eveniet rerum omnis iusto deleniti. Tempora praesentium odio et quia voluptas maiores.',62,62),(363,63,'2018-03-07 22:24:01','Odio non et accusamus est. Dolor nam eum quia vel fugit. Quae rerum dolor id voluptatem nisi libero.',63,63),(364,64,'1977-12-18 12:14:16','Sint mollitia aut eum sint quis in optio dolorem. Recusandae hic velit explicabo adipisci quia. Et consectetur qui odit. Nostrum exercitationem animi accusantium vero itaque repudiandae.',64,64),(365,65,'1976-01-26 13:43:49','Quasi eius beatae quos dolores et id. Rerum ipsum enim cupiditate quidem magnam sunt numquam. Dolor sed dolorem quisquam aut. Laborum dolorem officia vel quod qui quas eveniet in.',65,65),(366,66,'1992-11-06 04:51:26','Dicta nam similique exercitationem ut ut. Autem nemo odio ut culpa. Enim distinctio deserunt vel non qui.',66,66),(367,67,'1972-11-14 14:31:54','Fugit a iste nihil quae et aut qui tenetur. Ut maiores rerum tempora aut totam rerum pariatur. Corporis distinctio voluptatem ipsum. Harum quibusdam vel quis pariatur amet nemo autem.',67,67),(368,68,'1993-08-12 16:15:49','Maiores dicta quia nam ut. Et qui dolores qui accusamus et qui ut. Blanditiis autem et quo dignissimos. Dolorum vel aliquid recusandae aliquam quam beatae illo.',68,68),(369,69,'1992-04-30 02:05:37','Iusto voluptas omnis vero repellat quis optio voluptatum odit. Atque itaque aut quod voluptas hic optio. Qui reprehenderit voluptatem ad sunt libero amet. Labore eos sit excepturi dolor eos omnis eum est. Et harum quam mollitia sunt voluptates.',69,69),(370,70,'1982-07-31 11:57:42','Ut expedita ullam error dolor officiis ut eligendi. Tempora possimus odit autem facilis explicabo ab. Maxime rerum incidunt atque et qui.',70,70),(371,71,'1998-02-12 18:52:09','Ea est amet aut qui consequatur amet incidunt. Temporibus dolorem voluptas voluptatem repudiandae. Et magnam exercitationem inventore quod at quo. Sed soluta expedita iure deleniti et ut illo.',71,71),(372,72,'2009-03-02 07:07:45','Quaerat consequuntur ut commodi numquam. Repellat adipisci et ullam dolores deserunt est vero laudantium. Doloremque neque nam quo reprehenderit at delectus fugit. Fugiat quos quasi ut reprehenderit aspernatur qui tempore.',72,72),(373,73,'2011-05-03 06:38:33','Earum quos ut voluptate. Sapiente ratione quis consequatur ipsum facere sint. Voluptatem ipsa vel nihil corporis.',73,73),(374,74,'2002-07-20 11:36:56','Sed modi sit dolor omnis inventore. Explicabo eaque voluptatem tempora. Rem dolorum dolores repellat deserunt qui.',74,74),(375,75,'1993-11-27 16:20:23','Possimus alias ipsa totam neque quos inventore eum. Quam commodi eos quis fugiat. Veritatis aliquam et dolor doloribus.',75,75),(376,76,'1989-07-07 09:11:42','Quidem quibusdam facilis omnis. Beatae blanditiis modi consequatur soluta autem asperiores. Alias sapiente est ipsam fuga et. Minima sint officia porro quos. Facere cupiditate ex deserunt quo.',76,76),(377,77,'1993-01-26 07:02:42','Illum hic et ut aut eius voluptates. Id dolorem quia voluptatibus est aut quod dolor ex. Eaque aut voluptas eveniet necessitatibus velit facere perspiciatis. Adipisci dolore dolorum dolorem laudantium.',77,77),(378,78,'2005-01-26 18:04:30','Commodi voluptas accusantium fuga omnis. Distinctio deserunt ducimus nisi minus ducimus provident adipisci. Aut velit quod recusandae atque et commodi. Quibusdam velit temporibus corporis aut et commodi.',78,78),(379,79,'2006-06-02 08:14:02','Numquam eum aut cupiditate. Fuga ratione dicta nihil rerum alias quam rem. Voluptate error ratione et mollitia. Qui molestiae officiis facilis aliquid alias possimus.',79,79),(380,80,'2015-05-20 10:11:17','Ea omnis magni aut et. Magni nulla et architecto.',80,80),(381,81,'1988-02-03 19:25:39','Commodi voluptate aut minus sed numquam repellat sit pariatur. Id dolorem et nesciunt in. Sunt nihil magnam qui.',81,81),(382,82,'1999-10-26 13:23:01','Aliquid repellendus totam velit unde aut ipsa et. Optio ducimus quas aut sit. Corrupti et rerum earum animi dolore non facere natus. Qui enim velit sequi voluptas sit.',82,82),(383,83,'2002-06-15 19:42:09','Aut odio velit repellendus et. Nisi sunt et ab sed sint sint nostrum. Est molestiae molestiae neque inventore reiciendis omnis.',83,83),(384,84,'2011-10-12 21:35:36','Tenetur sed nisi id id rerum. Aut nihil temporibus et aliquam perferendis est. Voluptatem sint quia magni sed dolorum est.',84,84),(385,85,'2001-05-08 03:28:03','Dolorem asperiores ut ut. Recusandae tempore vel perferendis illum eos voluptatem omnis aut. Culpa quaerat voluptas nihil itaque exercitationem ad.',85,85),(386,86,'1997-09-14 04:57:54','Vel ullam explicabo esse labore. Suscipit earum qui sit velit mollitia quisquam. Dolores aut odio velit vel vero est.',86,86),(387,87,'2008-05-14 07:30:26','Aut ad et vel explicabo cumque. Consequatur aspernatur illum nemo omnis molestias. Dolores quia non in laudantium voluptate ex veniam.',87,87),(388,88,'2003-04-12 11:42:17','Autem error consequatur saepe laboriosam. Sit quos quia et. Doloremque enim dolor ducimus qui.',88,88),(389,89,'2003-07-27 12:15:44','Sint nobis at in omnis aspernatur repudiandae. Nesciunt nihil illum aut voluptas consequatur impedit. Repellat reprehenderit id rem sit optio. Similique quia cum quod consectetur necessitatibus facilis perspiciatis perspiciatis.',89,89),(390,90,'1992-07-04 11:31:46','Ratione et eum fugit sit deserunt quis. Quia nobis quisquam eos nulla corrupti minus. Laborum autem esse aut accusamus mollitia nemo.',90,90),(391,91,'1999-01-28 01:22:02','Amet aut eos sit sit dolore natus. Eligendi dignissimos autem nesciunt voluptatem voluptas a.',91,91),(392,92,'1973-03-19 14:23:02','Aut est explicabo et quis illo consequatur qui. Nesciunt nostrum eum pariatur nemo earum corrupti. Commodi nihil libero qui pariatur quas numquam.',92,92),(393,93,'2003-02-25 16:19:21','Qui accusamus sequi consequuntur omnis voluptatem. Expedita animi omnis et nihil voluptates asperiores. A pariatur ad maiores non perferendis facilis.',93,93),(394,94,'2017-10-01 01:35:29','Blanditiis error maxime fuga itaque fugiat quaerat sunt. Rem iste aut ipsa qui et porro minima. Illum deserunt non praesentium autem libero saepe. Natus qui voluptates vero aut.',94,94),(395,95,'2009-09-04 19:48:29','Sit autem nisi eos dicta. Dolorem necessitatibus esse veritatis placeat commodi. Vero molestiae error quisquam vitae repellat.',95,95),(396,96,'2012-01-15 05:45:42','Cum ipsum est aut nulla saepe eos ab. Vero enim numquam aliquid et. Odit possimus est a. Asperiores dolorum aliquid quis est quae eaque.',96,96),(397,97,'1974-07-15 13:13:25','Itaque quis reprehenderit omnis. Totam accusamus et minus ipsum et a illo. Dolorum quos quia ratione maiores.',97,97),(398,98,'1975-12-09 06:34:10','Accusamus aut quia qui omnis sapiente. Dolorem est quas dolorem necessitatibus similique vel esse. Saepe minus aut est rerum officia cum. Aliquam aperiam non libero unde. Cum eius non soluta sint quos et quo.',98,98),(399,99,'1987-11-22 04:33:58','Quis aut iste maiores reprehenderit voluptatem. Est autem nihil delectus eveniet ut ad. Autem itaque ut placeat sed dolorem suscipit voluptates.',99,99),(400,100,'1999-10-04 19:47:05','Temporibus molestiae natus ullam molestiae ad. Rerum id quia vel pariatur dolores excepturi omnis. Rerum occaecati tenetur sit sit delectus quidem ipsum.',100,100),(401,1,'1995-07-16 05:10:18','Ducimus velit porro sapiente ut ipsa et. Consequatur nostrum aspernatur suscipit dolorem laborum voluptates. Aliquam voluptatem rerum expedita quas sit nostrum vitae. Dolores vel illum aut recusandae magni. Fugit voluptas velit tempora aut non aut.',1,1),(402,2,'1998-05-16 06:07:11','Odio aut ipsam voluptas architecto autem veniam tempore. Excepturi dignissimos mollitia quo est a. Neque inventore sed optio. Cupiditate qui reprehenderit nesciunt sint voluptatem.',2,2),(403,3,'2017-08-04 11:38:43','Repellat qui numquam quia. Repellat in ab cupiditate itaque a sed temporibus. Laborum sit nobis quasi maiores tempore voluptate exercitationem est. Excepturi pariatur corrupti vero velit veniam itaque.',3,3),(404,4,'1996-10-18 05:04:51','Ut minima odio fuga et. Nostrum perferendis omnis doloremque ducimus ducimus aliquam sint. Illum omnis accusantium voluptate asperiores est.',4,4),(405,5,'2004-06-15 14:17:35','Modi cum exercitationem voluptate quae dolor. Reprehenderit et dolorum hic ipsam voluptatibus quis. Labore quia dolore cumque quis quibusdam sequi quas reiciendis.',5,5),(406,6,'2010-02-12 12:21:00','Rerum aut dicta atque commodi quae debitis non. Cupiditate consequuntur molestiae qui accusamus. Velit veniam iusto ut et suscipit.',6,6),(407,7,'2010-04-06 02:30:20','Provident quia fugit vel dolor aut voluptatem. Consequatur est molestias fugit voluptas nostrum incidunt. Eum veniam rem reiciendis voluptate sequi.',7,7),(408,8,'1989-07-04 13:34:14','Enim numquam deserunt delectus qui delectus saepe. Expedita officiis rem qui aspernatur eius est. Eum quo laudantium ratione sapiente iste assumenda unde. Placeat vel labore dolorem molestias. Consequatur quod aut quia tempora.',8,8),(409,9,'1971-07-17 13:19:31','Laudantium ratione dolorum et autem autem et quis. Est qui dicta et. Aut consectetur repellat consequatur sunt ea voluptates.',9,9),(410,10,'1985-01-10 18:24:17','Repudiandae tenetur debitis eligendi aut dolores ipsam voluptatem. Omnis unde saepe sapiente et earum voluptas. Rerum qui et doloremque natus distinctio eveniet accusamus molestiae. Sed vero sequi qui et reprehenderit consectetur.',10,10),(411,11,'1998-11-10 01:28:43','Dicta qui sit fuga. Commodi eos dolor corrupti porro iste error eos vero.',11,11),(412,12,'2011-07-28 15:17:30','Neque est enim neque dolores itaque voluptatum possimus. Possimus sunt et est voluptatum nisi eaque dignissimos. Repellat molestiae exercitationem ut laudantium deserunt et est voluptas.',12,12),(413,13,'1999-10-03 10:01:27','Doloribus sunt enim magni quia aliquam in. Perferendis impedit beatae odit voluptatem. Deleniti aspernatur ab explicabo recusandae.',13,13),(414,14,'2008-05-28 13:48:31','Rerum ut temporibus voluptate dolorem. Provident laboriosam adipisci voluptatem ut culpa rerum soluta quia. Temporibus soluta aut laudantium earum vel cum pariatur. Odio qui rerum consequatur et voluptate laudantium.',14,14),(415,15,'1977-01-08 22:22:18','Consectetur blanditiis tempore quia. Incidunt quisquam veniam voluptas minus quia quisquam. Velit sit iure magni totam. Animi aut quam ratione qui tempore.',15,15),(416,16,'1995-02-05 08:24:36','Maiores est aut minima consequuntur. Qui saepe architecto provident ut deleniti est maxime. Quidem nesciunt et placeat amet veniam debitis. Deserunt quia aut laboriosam doloribus rem quas.',16,16),(417,17,'2011-10-11 23:52:20','Officia exercitationem blanditiis quod et quaerat. Et quae voluptatem eaque iusto qui iure beatae illo. Hic praesentium provident esse vel illo iusto. Sed fuga eum earum iusto totam ad.',17,17),(418,18,'1998-02-25 14:15:21','Consectetur nihil fugiat tenetur repellat. Consequuntur voluptatem totam ex temporibus qui et. Reprehenderit exercitationem optio ullam debitis. Rerum beatae voluptas soluta id in rerum.',18,18),(419,19,'2021-01-16 17:44:23','Voluptate nihil ut sapiente dolor error eum autem est. Voluptate mollitia dolorum iusto delectus officia ipsam id. Expedita dolores sit culpa sed et quam. Ut corrupti enim consequuntur numquam unde.',19,19),(420,20,'2020-09-02 14:53:24','Facere ex beatae voluptatibus est quos ipsa. Ducimus aperiam unde et aut dolores nemo accusamus. Modi ipsa eum qui ut aut qui.',20,20),(421,21,'1970-11-17 00:15:18','Earum consequuntur blanditiis excepturi et quae tempore. Autem quod quia fugit omnis. Molestiae corrupti iste provident quia aliquid fugiat consequuntur. Rerum distinctio suscipit quam atque facere.',21,21),(422,22,'2018-07-16 15:01:48','Ut ducimus quam voluptatem autem velit. Ut similique voluptatem id. Fugiat temporibus omnis fugiat explicabo placeat.',22,22),(423,23,'1998-09-10 19:09:33','Iure eum eveniet iure ratione nemo amet. Molestias perspiciatis et animi non. Suscipit ipsa optio consequatur aperiam necessitatibus. Id et animi veniam. Aut vel tempore delectus quasi.',23,23),(424,24,'1990-10-26 06:42:26','Repellat voluptas iusto fugiat recusandae qui voluptates sed maxime. Laboriosam recusandae dignissimos minus aut iste aut nihil. Omnis aspernatur quo soluta blanditiis nam alias.',24,24),(425,25,'2004-06-28 07:21:26','Quia voluptas voluptatem blanditiis necessitatibus. Earum expedita laboriosam ducimus placeat. Repudiandae sed nobis ipsa asperiores qui consectetur eos. Debitis dolores non iusto aliquid veritatis.',25,25),(426,26,'1977-05-03 22:00:31','Minima alias soluta possimus ea at. Rerum ut quibusdam deleniti. Quo facilis asperiores aut et vero quibusdam.',26,26),(427,27,'1990-07-25 19:16:28','Ut explicabo est rerum consequuntur nobis consectetur. Occaecati voluptate quia consequuntur debitis ea quas et.',27,27),(428,28,'1997-09-07 04:06:00','Dolor harum quae quia similique unde adipisci modi. Praesentium placeat ad dolorum quia. Aut et nulla vel praesentium.',28,28),(429,29,'1994-12-31 12:27:15','Quo omnis corporis dolores repudiandae placeat. Non autem rerum voluptas inventore ut consequuntur. Eum impedit nemo non error.',29,29),(430,30,'2019-01-10 22:28:50','Deserunt voluptatibus deserunt ratione et a. Doloribus molestiae quo perferendis omnis. Voluptas enim molestiae ab aut libero quia. Quidem perspiciatis nihil sint vel distinctio modi mollitia.',30,30),(431,31,'1999-12-17 00:59:27','Eligendi repellat voluptas sint commodi qui numquam. Rerum repudiandae autem in amet adipisci asperiores dolorem facilis. Sed et eveniet sit eius et. Veritatis modi natus et soluta dolorem voluptatibus sed.',31,31),(432,32,'2014-10-14 07:20:14','Quod quam ad voluptatem dolores eum. Nisi neque et doloremque ducimus. Hic qui autem est qui eum iure et esse. Facere cumque repellendus autem temporibus beatae.',32,32),(433,33,'2021-05-10 03:03:46','Provident veritatis voluptate possimus totam omnis veniam. In neque iure numquam saepe. Doloremque ut eaque ut ex odit. Quidem nesciunt nam tenetur autem.',33,33),(434,34,'1987-01-22 07:58:51','Commodi commodi deserunt omnis dolore. Eligendi tenetur expedita quo. Et enim voluptate repellat reprehenderit tempora nam.',34,34),(435,35,'2003-07-08 05:07:47','Eius aperiam ex similique consequatur rerum tempore iusto delectus. Quia sunt non dolorum et dolores autem voluptatem. Quis consectetur similique iure ad.',35,35),(436,36,'1972-12-24 20:26:55','Libero hic autem quo impedit qui et voluptates. Repellat aut laborum suscipit quis animi. Sunt est rem numquam neque. Impedit delectus est eum omnis error temporibus ea doloremque.',36,36),(437,37,'2011-06-25 20:16:41','Non temporibus dolor non voluptatem. Maiores vel occaecati quia ipsum consectetur et. Qui ad facere quia temporibus error. Sit amet molestiae consequatur ab nostrum.',37,37),(438,38,'1990-05-08 16:28:22','Id illo laborum dignissimos ut vero aut eum consequatur. Ab quae quas laboriosam cumque eius. Sunt unde pariatur accusantium.',38,38),(439,39,'1970-07-14 02:44:04','Perspiciatis eius enim qui iure reiciendis. Et amet ea odit excepturi blanditiis. Quae nulla eos modi atque. Tempora labore beatae rerum alias consequatur quia soluta.',39,39),(440,40,'1984-11-11 07:12:14','Laborum et ad accusantium. Voluptatibus quae aspernatur maiores sit incidunt. Ullam at quasi ducimus accusamus cum non.',40,40),(441,41,'1995-06-18 09:19:52','Eos provident consequatur aut dignissimos cumque. Natus qui cupiditate dolores explicabo iure odit atque.',41,41),(442,42,'2017-03-30 19:08:42','Illo necessitatibus facere minus maiores velit. Iusto ab est ut vel voluptatum voluptatem odio. Nulla tempore rerum dolor rerum. Id repudiandae temporibus nulla aspernatur qui.',42,42),(443,43,'2002-07-18 02:14:39','Officia recusandae sunt et ut et. Eligendi enim aliquid impedit consequuntur delectus dolorum. In voluptatem sint et amet iure. Tenetur eum eum quis fugit porro.',43,43),(444,44,'1998-01-14 08:16:46','Soluta sequi maxime deleniti consequatur voluptate reprehenderit aut. Sed eligendi voluptatem asperiores omnis. Adipisci est natus ut nulla maxime.',44,44),(445,45,'1999-09-04 12:47:03','Aspernatur et ipsa mollitia maxime et pariatur voluptatem. Blanditiis molestiae ut aliquam quod.',45,45),(446,46,'1975-03-26 06:23:15','Accusamus accusamus omnis sit vel. Doloribus voluptatem atque non ipsa quam voluptatem. Debitis quis ipsam tempora fuga. Qui et facilis hic dolores neque iure perspiciatis.',46,46),(447,47,'1970-01-08 06:08:39','Fuga dolorem porro saepe nostrum quia. Sequi facilis consequuntur sint suscipit. Quia quidem vel et quidem.',47,47),(448,48,'2000-07-20 12:32:14','Iure dolorum veritatis autem. Ea inventore non consequatur ut expedita consequatur commodi. Inventore dolor cumque perferendis et commodi sequi.',48,48),(449,49,'1987-06-09 01:24:32','Totam ullam dolores molestiae recusandae. Deserunt nemo voluptates suscipit similique. Eos blanditiis veritatis est modi dignissimos sit et.',49,49),(450,50,'2020-12-09 10:46:08','Numquam hic quibusdam qui qui dolorum delectus voluptas. Necessitatibus tempora sunt iste ducimus vel. Laborum dolorem similique velit quod architecto blanditiis aut. Molestiae sunt ipsum autem et corrupti amet. Nihil possimus et ab quis rerum.',50,50),(451,51,'1998-11-19 04:45:57','Ut consequatur laudantium officia laboriosam. Est aperiam ea eos. Ipsa minima non vel cum occaecati expedita dicta qui. Exercitationem dolorem possimus et accusamus ad.',51,51),(452,52,'1985-09-13 01:33:09','Et aliquid suscipit quasi. In iure iure esse excepturi accusamus ut libero. Sed ea consequatur autem quam est rerum corrupti.',52,52),(453,53,'1979-11-04 14:51:49','Repudiandae impedit voluptatem in. Aut nihil mollitia a nostrum accusantium facilis. Velit non incidunt quia quisquam commodi natus. In distinctio dicta nulla dolor.',53,53),(454,54,'2000-05-27 10:05:43','Voluptatem recusandae et ipsa eius quae alias rem. Harum quo amet excepturi. Quia quo optio rem aliquid. Impedit eos in architecto explicabo. Qui quas quos in nulla dignissimos.',54,54),(455,55,'1985-04-09 11:48:08','Inventore maiores omnis natus autem sapiente mollitia aut. Sint assumenda quisquam qui debitis minus quisquam. Laudantium tenetur id magni ab. Hic tempore velit vitae.',55,55),(456,56,'2008-06-25 04:11:38','Eos culpa minus repudiandae fugiat inventore eos. Alias similique qui modi nihil placeat. Voluptatibus doloremque temporibus ab dolorem quo illum. Quo facere iusto eum facere. Reiciendis eveniet non nostrum necessitatibus quaerat.',56,56),(457,57,'1999-02-12 10:43:57','Eaque ea iusto dolore saepe dicta sed eius. Ut facilis minus fuga. Ut hic et necessitatibus vero debitis ipsa adipisci. Sunt voluptatum quis et cupiditate.',57,57),(458,58,'2007-07-28 22:21:08','Dicta sequi aliquid autem incidunt nemo non distinctio. Molestias facilis temporibus in ea officia officiis tempora. Necessitatibus sed a veniam ut.',58,58),(459,59,'1974-05-02 22:18:05','Ut excepturi aut iste. Modi iste distinctio rerum saepe autem ut. Deserunt est amet a sit omnis repellat vero.',59,59),(460,60,'2007-09-06 18:37:48','Rerum expedita ratione eius nobis quaerat recusandae quo. Nesciunt aut eos itaque qui expedita. Officia a sunt pariatur sunt voluptatem reiciendis praesentium. Corrupti excepturi amet necessitatibus ut doloremque maxime.',60,60),(461,61,'2018-12-25 15:55:48','Velit possimus dolor ea est. Accusamus laborum distinctio voluptas. Maiores ipsa ut quo quas. Voluptatibus dolores et itaque consequatur.',61,61),(462,62,'2007-05-01 09:52:49','Consequatur asperiores natus qui aspernatur expedita cumque atque. Ut aspernatur iure aspernatur veniam et perferendis. Dolor quis hic quia et inventore exercitationem et consectetur. Illum ut error eveniet ad. Ullam autem non eaque.',62,62),(463,63,'2011-07-29 00:54:33','Placeat dolores laborum eveniet voluptas fugit. Earum officiis magni aliquid ducimus eveniet voluptas aut. Doloremque delectus qui voluptas qui laborum quibusdam. Quia et iste voluptas minus error nam. Voluptatibus voluptas labore et a assumenda quibusdam.',63,63),(464,64,'2010-01-01 04:19:16','Non dicta modi et magnam animi dicta consectetur. Velit suscipit illum aut numquam aut. Provident fugit eveniet vel distinctio omnis.',64,64),(465,65,'1992-12-15 21:51:55','Enim sequi sunt deleniti rem. Voluptatum optio dolor asperiores quaerat porro officia tenetur. Debitis aut iure voluptas quidem aut quo. Corrupti ipsum et dolores dolores quia provident.',65,65),(466,66,'2013-04-29 14:34:17','Distinctio officia qui voluptatem enim. Voluptate molestiae et et. Expedita fugit saepe reprehenderit aperiam architecto ducimus.',66,66),(467,67,'1992-01-31 12:09:48','Maxime quia officiis necessitatibus nulla ipsa exercitationem. Ad cupiditate debitis maiores voluptatem et vero. Ipsam impedit fugiat qui est in. Ducimus debitis et saepe quisquam alias totam. Magni ea aut eaque dolores repellat voluptatum quis.',67,67),(468,68,'2017-12-20 21:06:13','Explicabo aut voluptates est voluptas aut. Labore sed maxime aut. Numquam dolor facere nostrum deleniti enim nihil.',68,68),(469,69,'2011-01-26 13:26:19','Cumque earum enim nisi inventore cupiditate quidem consequatur qui. Mollitia qui ab quia ut voluptates blanditiis est.',69,69),(470,70,'1972-09-19 12:57:12','Voluptatum amet neque itaque corrupti aperiam. Amet ea ea alias praesentium vel ab velit. Esse occaecati placeat distinctio qui et provident sequi.',70,70),(471,71,'1981-10-10 09:58:23','Ipsa illum omnis aspernatur unde odit. Animi labore pariatur odit sed. Ut voluptatem id in quos qui quod qui.',71,71),(472,72,'1986-12-17 14:13:29','Omnis nostrum blanditiis qui sed ut. Doloremque explicabo explicabo aut nam iusto non. Itaque nisi sit sint quaerat labore deserunt. Incidunt quisquam dolores praesentium. Id illo sed et adipisci voluptas esse.',72,72),(473,73,'2003-08-29 03:53:25','Aut eveniet repellendus doloribus quis molestias in. Deserunt fuga debitis fugiat autem iusto recusandae et. Repellendus sunt mollitia ullam. Eaque qui magni sint id odio in illo culpa.',73,73),(474,74,'1995-01-01 07:54:24','Possimus deserunt et asperiores rerum et delectus inventore. Nemo harum delectus rerum ut aut voluptas sint.',74,74),(475,75,'1983-08-23 01:24:17','Voluptatibus fugiat porro non eveniet. Beatae mollitia suscipit repellat consequuntur vero. Aut magni eligendi laudantium inventore.',75,75),(476,76,'2008-12-18 18:11:22','Quas doloribus expedita quo quae aut qui vitae. Unde veritatis quis exercitationem repellendus esse. Voluptates repellendus cumque repellat ratione voluptatem. Qui occaecati est quia odio.',76,76),(477,77,'1993-04-27 22:33:48','Nesciunt eos quibusdam architecto animi. Suscipit sint quisquam pariatur. Suscipit nihil fugit suscipit non modi animi.',77,77),(478,78,'1977-04-30 08:35:26','Consequatur nostrum voluptatem voluptatibus excepturi earum voluptatem consequatur. Quo quo earum voluptatem est possimus aut sunt est. Esse tempore quia dolorum. Doloremque esse repudiandae necessitatibus enim quaerat id aut.',78,78),(479,79,'1971-01-20 16:32:47','Recusandae amet nisi quia magni. Natus sit autem et. Expedita corrupti asperiores quis sit esse.',79,79),(480,80,'2014-12-20 06:33:24','Consequatur alias dolores fuga deserunt. Soluta pariatur quia modi temporibus. Molestiae facere et repellendus officiis. Ut aliquid aut corporis a voluptate fugit vel.',80,80),(481,81,'2019-10-11 18:13:32','Quidem exercitationem et iusto eum repellendus eligendi sint. Ex id consectetur ullam velit et. Sunt repellat consequatur atque laborum iure ullam.',81,81),(482,82,'1998-07-13 07:44:29','Aut debitis laborum non aut. Sit sed repudiandae vel non explicabo corrupti illum modi.',82,82),(483,83,'1973-07-22 19:20:09','Perferendis consequuntur ipsa officia animi. Deserunt ut aut nobis voluptas. Ut libero ducimus voluptatem eum. Adipisci ut ipsam et quod eum qui id.',83,83),(484,84,'2017-12-26 17:07:38','Consectetur alias commodi qui non provident quaerat dolore. Harum hic ipsam nihil dolore saepe laudantium. Omnis est rem cum ipsa.',84,84),(485,85,'2006-06-09 08:26:43','Quia id eos repudiandae fugit. Dolorem cumque repellat sed mollitia corporis modi. Magni aut laborum doloremque. Qui beatae libero expedita laborum.',85,85),(486,86,'2012-03-05 22:56:57','Et quisquam cupiditate est excepturi. Numquam repellat at pariatur. Neque neque deserunt doloribus aut corrupti quia totam.',86,86),(487,87,'1991-10-12 14:49:42','Similique maiores consequatur et libero. Similique consectetur inventore porro et. Mollitia molestiae at est ratione sapiente. Quia aut tempora aut mollitia vel nobis quis.',87,87),(488,88,'1997-06-23 17:29:57','Non dolor aut rerum eum dolor. Magnam aperiam suscipit commodi alias et optio.',88,88),(489,89,'2013-04-30 17:22:40','Nesciunt cum sit itaque ab et veniam. Magni consequuntur dolorem est debitis nesciunt. Incidunt deserunt harum exercitationem. Et distinctio voluptas exercitationem quia reprehenderit assumenda qui quis.',89,89),(490,90,'1973-07-26 05:37:37','Alias aut vel cupiditate incidunt autem quod officia. Aut beatae iusto ea ipsam quis nisi nesciunt. Occaecati nostrum dicta sint voluptas dolor quisquam a.',90,90),(491,91,'2021-05-27 09:23:15','Eos accusamus fugit ut fugit harum. Officia ea consequatur iste. Et cum facere unde. Quia pariatur temporibus corporis sit.',91,91),(492,92,'1989-06-08 04:07:39','Aspernatur accusamus corporis ea ut ratione dolorem ea facilis. Hic et culpa quia numquam. Id rerum blanditiis impedit quo odit fugiat. Perferendis consequatur eum dolor dolores assumenda ut.',92,92),(493,93,'1993-07-16 01:23:58','Quidem id alias quae qui. Quam sed non porro perferendis et placeat. Hic reiciendis et dolores sint sunt. Blanditiis quaerat id voluptatem optio.',93,93),(494,94,'1979-09-05 07:16:32','Ipsa omnis magni iusto est nisi aut. Est natus recusandae voluptatum ut quasi totam ipsam. Sapiente tenetur deleniti sequi aut eum expedita iusto. Nesciunt placeat facilis est est culpa.',94,94),(495,95,'2021-08-16 08:57:48','Nam delectus rerum fugit ut qui qui. Et vel modi velit numquam perspiciatis. Qui sint alias earum sit vel dolore adipisci. Quis aut rerum fugiat et blanditiis unde consequatur assumenda.',95,95),(496,96,'1997-09-10 17:03:21','Soluta ut ea architecto a. Voluptatibus provident cum tenetur aperiam suscipit voluptatibus. Fugit vero non nihil non quis. Quidem debitis reiciendis cupiditate atque architecto ullam ducimus molestias.',96,96),(497,97,'2003-05-14 09:20:14','Ratione ducimus adipisci placeat excepturi perferendis. Aliquam consequatur culpa mollitia in. Quia quibusdam accusamus odit voluptas ut itaque fuga. At et voluptatem qui laboriosam fugit qui dolores. Consequatur distinctio commodi eos amet ipsum qui sed.',97,97),(498,98,'1991-02-27 15:45:47','Voluptas vel autem esse quaerat nihil ipsam. Tenetur ut enim eum eum ut doloribus voluptatem rerum. Delectus commodi ab et possimus inventore. Rerum officia pariatur ipsa nisi voluptatibus quam tempora magni.',98,98),(499,99,'1976-04-08 22:41:04','Architecto aliquam ipsa pariatur omnis nemo nulla. Quibusdam nam eos aut neque sit aliquid. Quod quia qui sed optio natus voluptas. Aspernatur quos harum omnis aspernatur sed dolorem possimus.',99,99),(500,100,'2006-07-11 07:40:20','Aliquid nihil commodi autem cum ex sint distinctio tenetur. Et non sed qui quo. Quas asperiores consequatur sequi odit asperiores earum voluptas maxime.',100,100);
/*!40000 ALTER TABLE `private_channel_messages` ENABLE KEYS */;
UNLOCK TABLES;

--
-- Table structure for table `private_channel_messages_status`
--

DROP TABLE IF EXISTS `private_channel_messages_status`;
/*!40101 SET @saved_cs_client     = @@character_set_client */;
/*!40101 SET character_set_client = utf8 */;
CREATE TABLE `private_channel_messages_status` (
  `message_id` bigint(20) unsigned NOT NULL,
  `owner_read_status` enum('read','unread') COLLATE utf8mb4_unicode_ci DEFAULT NULL,
  `recipient_read_status` enum('read','unread') COLLATE utf8mb4_unicode_ci DEFAULT NULL,
  KEY `messages_status_idx` (`message_id`),
  CONSTRAINT `private_channel_messages_status_ibfk_1` FOREIGN KEY (`message_id`) REFERENCES `private_channel_messages` (`id`)
) ENGINE=InnoDB DEFAULT CHARSET=utf8mb4 COLLATE=utf8mb4_unicode_ci;
/*!40101 SET character_set_client = @saved_cs_client */;

--
-- Dumping data for table `private_channel_messages_status`
--

LOCK TABLES `private_channel_messages_status` WRITE;
/*!40000 ALTER TABLE `private_channel_messages_status` DISABLE KEYS */;
INSERT INTO `private_channel_messages_status` VALUES (1,'read','read'),(2,'unread','unread'),(3,'unread','read'),(4,'read','unread'),(5,'unread','read'),(6,'unread','unread'),(7,'unread','read'),(8,'read','unread'),(9,'read','unread'),(10,'unread','unread'),(11,'read','unread'),(12,'read','read'),(13,'unread','read'),(14,'unread','read'),(15,'read','unread'),(16,'read','read'),(17,'read','unread'),(18,'unread','read'),(19,'read','unread'),(20,'read','unread'),(21,'unread','read'),(22,'read','unread'),(23,'read','unread'),(24,'unread','unread'),(25,'unread','unread'),(26,'unread','read'),(27,'unread','read'),(28,'read','unread'),(29,'unread','read'),(30,'read','unread'),(31,'read','unread'),(32,'unread','read'),(33,'unread','read'),(34,'unread','unread'),(35,'unread','unread'),(36,'unread','read'),(37,'unread','read'),(38,'read','read'),(39,'unread','read'),(40,'read','read'),(41,'read','read'),(42,'read','read'),(43,'unread','unread'),(44,'unread','read'),(45,'read','unread'),(46,'unread','read'),(47,'unread','read'),(48,'read','read'),(49,'read','read'),(50,'read','unread'),(51,'unread','read'),(52,'read','read'),(53,'unread','unread'),(54,'unread','unread'),(55,'unread','unread'),(56,'unread','unread'),(57,'unread','read'),(1,'read','unread'),(2,'read','unread'),(3,'unread','unread'),(4,'unread','read'),(5,'unread','read'),(6,'read','read'),(7,'read','read'),(8,'read','read'),(9,'unread','read'),(10,'read','read'),(11,'read','unread'),(12,'unread','unread'),(13,'read','read'),(14,'read','unread'),(15,'read','unread'),(16,'unread','read'),(17,'read','read'),(18,'read','read'),(19,'unread','unread'),(20,'read','read'),(21,'read','unread'),(22,'unread','read'),(23,'unread','unread'),(24,'read','unread'),(25,'unread','read'),(26,'unread','unread'),(27,'unread','read'),(28,'unread','unread'),(29,'read','unread'),(30,'unread','read'),(31,'read','unread'),(32,'read','read'),(33,'unread','read'),(34,'read','unread'),(35,'unread','unread'),(36,'unread','unread'),(37,'read','read'),(38,'unread','unread'),(39,'read','read'),(40,'unread','read'),(41,'read','read'),(42,'read','read'),(43,'read','read'),(44,'read','unread'),(45,'unread','read'),(46,'read','read'),(47,'read','read'),(48,'read','unread'),(49,'read','read'),(50,'unread','read'),(51,'unread','read'),(52,'read','unread'),(53,'read','unread'),(54,'unread','read'),(55,'unread','unread'),(56,'unread','read'),(57,'unread','unread'),(1,'unread','read'),(2,'read','read'),(3,'unread','read'),(4,'unread','unread'),(5,'read','unread'),(6,'read','read'),(7,'unread','read'),(8,'read','unread'),(9,'read','read'),(10,'read','unread'),(11,'unread','unread'),(12,'read','unread'),(13,'unread','read'),(14,'read','unread'),(15,'read','read'),(16,'unread','unread'),(17,'unread','unread'),(18,'read','unread'),(19,'unread','read'),(20,'unread','unread'),(21,'unread','read'),(22,'unread','read'),(23,'unread','read'),(24,'unread','read'),(25,'unread','unread'),(26,'read','read'),(27,'unread','unread'),(28,'unread','unread'),(29,'unread','unread'),(30,'unread','unread'),(31,'read','read'),(32,'unread','unread'),(33,'unread','read'),(34,'read','read'),(35,'read','read'),(36,'read','read'),(37,'unread','unread'),(38,'read','unread'),(39,'read','read'),(40,'unread','unread'),(41,'unread','read'),(42,'unread','read'),(43,'unread','read'),(44,'unread','read'),(45,'unread','read'),(46,'read','read'),(47,'unread','read'),(48,'unread','read'),(49,'unread','unread'),(50,'unread','unread'),(51,'read','read'),(52,'read','read'),(53,'read','unread'),(54,'read','unread'),(55,'read','unread'),(56,'read','read'),(57,'read','unread'),(1,'unread','unread'),(2,'read','read'),(3,'unread','read'),(4,'read','read'),(5,'read','unread'),(6,'read','unread'),(7,'unread','read'),(8,'unread','unread'),(9,'read','read'),(10,'read','read'),(11,'unread','read'),(12,'read','read'),(13,'read','read'),(14,'unread','read'),(15,'read','unread'),(16,'read','read'),(17,'read','unread'),(18,'read','read'),(19,'unread','unread'),(20,'unread','read'),(21,'unread','unread'),(22,'read','unread'),(23,'read','read'),(24,'read','read'),(25,'read','read'),(26,'unread','read'),(27,'unread','read'),(28,'unread','unread'),(29,'unread','unread'),(30,'unread','read'),(31,'unread','unread'),(32,'unread','read'),(33,'unread','read'),(34,'unread','read'),(35,'unread','unread'),(36,'unread','read'),(37,'unread','read'),(38,'unread','unread'),(39,'unread','unread'),(40,'unread','unread'),(41,'read','unread'),(42,'read','read'),(43,'unread','read'),(44,'read','read'),(45,'unread','unread'),(46,'read','unread'),(47,'unread','unread'),(48,'read','read'),(49,'read','unread'),(50,'unread','read'),(51,'read','read'),(52,'unread','read'),(53,'unread','unread'),(54,'read','unread'),(55,'read','read'),(56,'read','read'),(57,'read','unread'),(1,'read','read'),(2,'unread','unread'),(3,'unread','read'),(4,'read','unread'),(5,'unread','read'),(6,'read','unread'),(7,'read','read'),(8,'unread','unread'),(9,'unread','unread'),(10,'unread','unread'),(11,'read','read'),(12,'unread','read'),(13,'read','unread'),(14,'read','unread'),(15,'unread','unread'),(16,'read','read'),(17,'unread','read'),(18,'read','read'),(19,'unread','unread'),(20,'read','read'),(21,'read','unread'),(22,'unread','unread'),(23,'read','unread'),(24,'unread','unread'),(25,'unread','read'),(26,'unread','unread'),(27,'unread','unread'),(28,'read','read'),(29,'unread','read'),(30,'unread','read'),(31,'read','unread'),(32,'unread','unread'),(33,'read','unread'),(34,'read','unread'),(35,'unread','unread'),(36,'unread','read'),(37,'read','unread'),(38,'read','read'),(39,'read','unread'),(40,'read','read'),(41,'unread','unread'),(42,'unread','read'),(43,'unread','read'),(44,'read','read'),(45,'read','read'),(46,'unread','unread'),(47,'unread','unread'),(48,'unread','read'),(49,'read','unread'),(50,'unread','unread'),(51,'read','read'),(52,'unread','unread'),(53,'unread','unread'),(54,'unread','unread'),(55,'unread','read'),(56,'unread','read'),(57,'unread','unread'),(1,'read','unread'),(2,'unread','read'),(3,'unread','read'),(4,'read','unread'),(5,'unread','unread'),(6,'read','unread'),(7,'read','read'),(8,'unread','read'),(9,'read','read'),(10,'read','read'),(11,'unread','unread'),(12,'unread','read'),(13,'read','read'),(14,'read','read'),(15,'unread','unread'),(16,'read','unread'),(17,'unread','unread'),(18,'read','unread'),(19,'read','read'),(20,'unread','read'),(21,'read','read'),(22,'unread','read'),(23,'read','unread'),(24,'read','unread'),(25,'unread','unread'),(26,'read','read'),(27,'read','unread'),(28,'read','unread'),(29,'unread','unread'),(30,'read','read'),(31,'unread','read'),(32,'unread','read'),(33,'unread','unread'),(34,'unread','read'),(35,'unread','unread'),(36,'unread','unread'),(37,'read','read'),(38,'read','unread'),(39,'read','read'),(40,'read','unread'),(41,'unread','read'),(42,'unread','unread'),(43,'read','unread'),(44,'read','read'),(45,'unread','read'),(46,'read','read'),(47,'read','unread'),(48,'read','read'),(49,'read','unread'),(50,'read','unread'),(51,'read','unread'),(52,'read','read'),(53,'read','unread'),(54,'unread','unread'),(55,'unread','unread'),(56,'read','read'),(57,'unread','read'),(1,'read','read'),(2,'read','read'),(3,'unread','read'),(4,'read','unread'),(5,'read','unread'),(6,'read','unread'),(7,'read','unread'),(8,'read','unread'),(9,'read','unread'),(10,'read','unread'),(11,'read','read'),(12,'unread','read'),(13,'unread','read'),(14,'unread','read'),(15,'unread','unread'),(16,'read','unread'),(17,'read','read'),(18,'read','unread'),(19,'unread','read'),(20,'unread','read'),(21,'unread','read'),(22,'unread','read'),(23,'read','unread'),(24,'read','read'),(25,'read','read'),(26,'read','unread'),(27,'unread','read'),(28,'unread','unread'),(29,'read','read'),(30,'unread','unread'),(31,'read','unread'),(32,'unread','unread'),(33,'read','read'),(34,'read','unread'),(35,'read','read'),(36,'read','read'),(37,'read','unread'),(38,'read','unread'),(39,'unread','unread'),(40,'unread','read'),(41,'read','read'),(42,'read','unread'),(43,'unread','read'),(44,'read','unread'),(45,'unread','read'),(46,'unread','unread'),(47,'unread','unread'),(48,'read','read'),(49,'read','read'),(50,'unread','read'),(51,'read','read'),(52,'read','read'),(53,'unread','read'),(54,'unread','read'),(55,'read','unread'),(56,'unread','unread'),(57,'unread','unread'),(1,'read','read'),(2,'read','unread'),(3,'unread','read'),(4,'read','unread'),(5,'unread','unread'),(6,'read','read'),(7,'read','unread'),(8,'unread','unread'),(9,'read','unread'),(10,'read','read'),(11,'read','unread'),(12,'unread','read'),(13,'unread','read'),(14,'unread','read'),(15,'read','unread'),(16,'unread','read'),(17,'unread','read'),(18,'read','unread'),(19,'unread','unread'),(20,'unread','read'),(21,'unread','read'),(22,'read','unread'),(23,'read','read'),(24,'read','unread'),(25,'read','unread'),(26,'unread','read'),(27,'read','read'),(28,'read','unread'),(29,'unread','unread'),(30,'read','read'),(31,'read','read'),(32,'unread','read'),(33,'read','unread'),(34,'read','unread'),(35,'unread','read'),(36,'read','read'),(37,'read','read'),(38,'read','unread'),(39,'unread','read'),(40,'read','unread'),(41,'unread','unread'),(42,'unread','unread'),(43,'unread','read'),(44,'unread','unread'),(45,'read','read'),(46,'read','read'),(47,'read','read'),(48,'unread','read'),(49,'unread','unread'),(50,'unread','unread'),(51,'unread','unread'),(52,'unread','read'),(53,'unread','read'),(54,'unread','unread'),(55,'read','unread'),(56,'unread','unread'),(57,'unread','read'),(1,'unread','read'),(2,'read','read'),(3,'unread','unread'),(4,'unread','unread'),(5,'read','read'),(6,'unread','unread'),(7,'read','read'),(8,'read','read'),(9,'read','read'),(10,'read','unread'),(11,'read','read'),(12,'read','read'),(13,'read','unread'),(14,'unread','read'),(15,'read','read'),(16,'read','read'),(17,'read','read'),(18,'unread','read'),(19,'unread','read'),(20,'unread','unread'),(21,'unread','read'),(22,'read','unread'),(23,'unread','read'),(24,'unread','read'),(25,'unread','read'),(26,'read','read'),(27,'unread','unread'),(28,'read','unread'),(29,'unread','unread'),(30,'read','read'),(31,'read','read'),(32,'unread','read'),(33,'unread','read'),(34,'read','unread'),(35,'unread','unread'),(36,'read','read'),(37,'read','unread'),(38,'read','unread'),(39,'unread','read'),(40,'read','read'),(41,'unread','read'),(42,'read','read'),(43,'read','unread'),(44,'unread','unread');
/*!40000 ALTER TABLE `private_channel_messages_status` ENABLE KEYS */;
UNLOCK TABLES;

--
-- Table structure for table `private_channels`
--

DROP TABLE IF EXISTS `private_channels`;
/*!40101 SET @saved_cs_client     = @@character_set_client */;
/*!40101 SET character_set_client = utf8 */;
CREATE TABLE `private_channels` (
  `id` bigint(20) unsigned NOT NULL AUTO_INCREMENT,
  `name` varchar(100) COLLATE utf8mb4_unicode_ci DEFAULT NULL,
  `owner_id` bigint(20) unsigned NOT NULL,
  `member_id` bigint(20) unsigned NOT NULL,
  `active` tinyint(1) DEFAULT NULL,
  `created_at` datetime DEFAULT current_timestamp(),
  UNIQUE KEY `id` (`id`),
  KEY `owner_id` (`owner_id`),
  KEY `member_id` (`member_id`),
  CONSTRAINT `private_channels_ibfk_1` FOREIGN KEY (`owner_id`) REFERENCES `users` (`id`),
  CONSTRAINT `private_channels_ibfk_2` FOREIGN KEY (`member_id`) REFERENCES `users` (`id`)
) ENGINE=InnoDB AUTO_INCREMENT=101 DEFAULT CHARSET=utf8mb4 COLLATE=utf8mb4_unicode_ci;
/*!40101 SET character_set_client = @saved_cs_client */;

--
-- Dumping data for table `private_channels`
--

LOCK TABLES `private_channels` WRITE;
/*!40000 ALTER TABLE `private_channels` DISABLE KEYS */;
INSERT INTO `private_channels` VALUES (1,'magni',1,1,1,'1971-12-06 21:22:19'),(2,'autem',2,2,1,'2007-02-28 11:09:15'),(3,'rerum',3,3,1,'1996-07-12 16:26:25'),(4,'aut',4,4,0,'2004-05-24 18:11:15'),(5,'sit',5,5,1,'2018-12-22 09:30:14'),(6,'quam',6,6,1,'1970-03-07 18:05:58'),(7,'sapiente',7,7,1,'2007-06-17 11:12:12'),(8,'neque',8,8,1,'2011-05-17 12:52:21'),(9,'ipsa',9,9,1,'2010-01-27 02:40:43'),(10,'aut',10,10,0,'2002-03-31 12:00:56'),(11,'officia',11,11,1,'1990-01-21 13:38:04'),(12,'eos',12,12,1,'2018-10-13 22:37:06'),(13,'dolore',13,13,0,'1985-12-22 04:23:01'),(14,'eligendi',14,14,0,'1976-05-16 18:51:02'),(15,'inventore',15,15,1,'1997-12-30 12:41:58'),(16,'commodi',16,16,1,'2011-11-28 14:12:14'),(17,'voluptatem',17,17,1,'2008-12-02 11:24:07'),(18,'iste',18,18,0,'2018-07-24 14:45:21'),(19,'asperiores',19,19,1,'1977-09-17 00:11:23'),(20,'fugit',20,20,1,'1985-10-17 08:58:30'),(21,'sequi',21,21,0,'2020-12-28 16:28:07'),(22,'sapiente',22,22,1,'1971-09-12 12:12:59'),(23,'totam',23,23,1,'1994-08-15 16:59:37'),(24,'provident',24,24,0,'1972-07-21 20:07:53'),(25,'id',25,25,1,'1977-01-26 17:44:54'),(26,'impedit',26,26,0,'1996-06-21 21:24:38'),(27,'rerum',27,27,0,'1993-05-27 14:01:01'),(28,'delectus',28,28,0,'2008-08-06 02:58:26'),(29,'repellendus',29,29,1,'1990-02-09 03:08:47'),(30,'tempora',30,30,0,'1976-08-26 15:05:51'),(31,'sit',31,31,0,'2017-09-30 20:28:51'),(32,'sapiente',32,32,1,'2016-09-06 01:28:26'),(33,'suscipit',33,33,0,'1981-09-03 23:54:33'),(34,'maiores',34,34,0,'1982-11-27 08:24:38'),(35,'cupiditate',35,35,1,'1997-01-12 08:34:50'),(36,'necessitatibus',36,36,1,'2016-10-14 18:38:28'),(37,'voluptate',37,37,1,'2017-03-06 07:47:03'),(38,'et',38,38,0,'2014-12-25 01:42:41'),(39,'earum',39,39,0,'2015-10-06 15:57:44'),(40,'dolor',40,40,1,'1997-02-04 00:00:55'),(41,'officiis',41,41,0,'2018-05-26 00:40:34'),(42,'cum',42,42,1,'1981-02-27 21:08:03'),(43,'ut',43,43,0,'1983-07-07 03:03:39'),(44,'voluptate',44,44,0,'1996-05-06 15:24:24'),(45,'neque',45,45,1,'1978-06-29 23:14:21'),(46,'non',46,46,0,'2013-06-06 15:43:27'),(47,'doloribus',47,47,1,'1997-08-06 10:23:22'),(48,'non',48,48,1,'1980-06-24 11:54:30'),(49,'ut',49,49,0,'1974-01-09 11:03:31'),(50,'eius',50,50,0,'2012-08-08 19:18:37'),(51,'eius',51,51,1,'1991-07-16 23:42:36'),(52,'dolorem',52,52,0,'1970-09-01 18:34:05'),(53,'modi',53,53,1,'1974-11-03 04:11:28'),(54,'laboriosam',54,54,1,'2007-06-04 11:59:53'),(55,'sed',55,55,0,'2008-11-26 04:00:53'),(56,'aperiam',56,56,0,'1983-01-02 12:50:16'),(57,'et',57,57,1,'1986-09-26 11:32:33'),(58,'qui',58,58,0,'1973-02-08 13:17:27'),(59,'nulla',59,59,0,'2002-03-22 11:46:58'),(60,'consequatur',60,60,0,'1996-12-09 11:03:13'),(61,'ipsa',61,61,0,'1973-08-22 00:33:48'),(62,'velit',62,62,0,'1992-10-25 06:15:59'),(63,'earum',63,63,0,'1994-10-03 14:44:35'),(64,'quas',64,64,1,'2013-03-30 08:31:07'),(65,'voluptate',65,65,0,'1981-04-30 06:15:15'),(66,'nobis',66,66,1,'1979-06-13 01:51:12'),(67,'consequatur',67,67,1,'2002-02-05 19:01:04'),(68,'assumenda',68,68,1,'1984-04-04 16:46:14'),(69,'laboriosam',69,69,0,'1975-08-12 22:17:52'),(70,'voluptatem',70,70,1,'1996-10-14 18:58:59'),(71,'enim',71,71,1,'2014-12-19 03:14:41'),(72,'voluptatem',72,72,0,'1973-01-28 19:55:40'),(73,'laudantium',73,73,1,'1974-04-17 07:01:31'),(74,'ad',74,74,0,'1974-07-03 07:56:58'),(75,'nihil',75,75,1,'1970-08-28 04:04:15'),(76,'est',76,76,0,'1980-07-29 23:47:28'),(77,'dolor',77,77,0,'2012-12-30 23:52:12'),(78,'nulla',78,78,1,'1972-01-12 12:36:39'),(79,'enim',79,79,1,'1975-01-27 07:59:59'),(80,'qui',80,80,1,'1978-07-09 05:56:58'),(81,'tempora',81,81,0,'2020-11-09 01:11:08'),(82,'fugit',82,82,1,'2017-03-21 12:40:29'),(83,'et',83,83,1,'1978-01-11 03:36:36'),(84,'consequatur',84,84,1,'1997-12-18 07:05:26'),(85,'et',85,85,0,'1983-09-19 22:32:32'),(86,'aut',86,86,0,'1987-05-24 18:51:17'),(87,'officia',87,87,0,'1984-03-24 23:29:49'),(88,'nemo',88,88,1,'1981-05-14 07:25:19'),(89,'ullam',89,89,1,'2015-11-30 02:19:20'),(90,'neque',90,90,1,'2019-05-25 19:47:42'),(91,'harum',91,91,1,'1987-07-19 18:38:40'),(92,'maxime',92,92,0,'1989-03-16 12:40:52'),(93,'voluptas',93,93,1,'1992-08-16 19:44:48'),(94,'fugiat',94,94,0,'1990-10-24 16:52:23'),(95,'accusamus',95,95,1,'2003-12-31 06:26:17'),(96,'incidunt',96,96,0,'1972-11-11 20:24:46'),(97,'voluptatem',97,97,0,'2015-10-12 23:13:21'),(98,'recusandae',98,98,0,'1978-01-02 12:01:48'),(99,'eveniet',99,99,0,'2005-11-30 12:50:02'),(100,'laborum',100,100,1,'1987-08-20 21:49:00');
/*!40000 ALTER TABLE `private_channels` ENABLE KEYS */;
UNLOCK TABLES;

--
-- Table structure for table `profiles`
--

DROP TABLE IF EXISTS `profiles`;
/*!40101 SET @saved_cs_client     = @@character_set_client */;
/*!40101 SET character_set_client = utf8 */;
CREATE TABLE `profiles` (
  `user_id` bigint(20) unsigned NOT NULL,
  `gender` char(1) COLLATE utf8mb4_unicode_ci DEFAULT NULL,
  `birthday` date DEFAULT NULL,
  `photo_id` bigint(20) unsigned DEFAULT NULL,
  `created_at` datetime DEFAULT current_timestamp(),
  `hometown` varchar(100) COLLATE utf8mb4_unicode_ci DEFAULT NULL,
  `is_active` tinyint(1) DEFAULT 1,
  UNIQUE KEY `user_id` (`user_id`),
  CONSTRAINT `fk_user_id` FOREIGN KEY (`user_id`) REFERENCES `users` (`id`) ON DELETE NO ACTION ON UPDATE CASCADE
) ENGINE=InnoDB DEFAULT CHARSET=utf8mb4 COLLATE=utf8mb4_unicode_ci;
/*!40101 SET character_set_client = @saved_cs_client */;

--
-- Dumping data for table `profiles`
--

LOCK TABLES `profiles` WRITE;
/*!40000 ALTER TABLE `profiles` DISABLE KEYS */;
INSERT INTO `profiles` VALUES (1,'','2005-03-20',1,'1992-06-03 02:55:33','Assuntastad',1),(2,'','1993-10-07',2,'2005-07-22 00:07:24','Nikolausbury',0),(3,'','1973-11-29',3,'1992-01-14 13:14:40','South Dahlia',1),(4,'','1992-03-31',4,'2012-07-24 03:47:20','Port Dixie',1),(5,'','1993-08-16',5,'2002-01-12 16:41:13','Leschland',1),(6,'','2007-05-15',6,'2010-09-10 19:03:30','Kiehnfurt',1),(7,'','2004-02-24',7,'2012-10-17 20:34:47','Viviennechester',1),(8,'','2006-03-28',8,'1988-10-15 12:52:36','Aliviatown',0),(9,'','2014-09-23',9,'2015-12-09 06:58:15','Pinkside',0),(10,'','2018-02-14',10,'1982-08-27 15:23:57','West Marcos',1),(11,'','2018-07-28',1,'2021-05-18 18:57:30','Earlenetown',0),(12,'','2013-03-04',2,'1976-12-28 12:10:29','Port Mireille',1),(13,'','2009-08-25',3,'1978-02-27 06:35:24','Port Mikeport',0),(14,'','2021-07-13',4,'2001-02-19 14:12:54','New Rosanna',1),(15,'','1989-08-07',5,'1984-10-24 13:50:55','Bartolettitown',1),(16,'','1996-09-30',6,'1995-01-04 11:25:41','North Shanaview',0),(17,'','1995-05-19',7,'1987-10-31 22:27:54','South Myahstad',1),(18,'','2015-10-01',8,'2005-06-06 03:46:36','Jalynview',0),(19,'','1984-08-23',9,'1986-10-20 22:50:24','East Evietown',1),(20,'','1974-08-10',10,'2008-10-26 09:42:20','Lake Carlee',1),(21,'','1989-12-09',1,'1987-03-08 07:27:48','Sengerbury',0),(22,'','1998-10-04',2,'2015-11-29 00:42:28','East Kristy',0),(23,'','1990-04-24',3,'2005-11-27 12:50:11','Brauliostad',0),(24,'','1970-05-03',4,'1999-05-13 22:17:47','West Vito',1),(25,'','2003-03-30',5,'1992-12-30 04:46:52','Karelleville',1),(26,'','1992-07-21',6,'1996-07-14 05:08:55','Gleasonstad',0),(27,'','2000-01-19',7,'2021-08-26 02:13:55','New Dan',0),(28,'','2008-05-24',8,'2010-04-24 20:23:09','North Marcus',1),(29,'','1974-11-11',9,'2011-11-15 02:52:22','West Lamar',1),(30,'','2012-10-08',10,'1993-10-06 15:12:26','New Herminiamouth',0),(31,'','2003-03-21',1,'2019-09-04 07:45:44','West Bernadine',0),(32,'','1983-07-14',2,'2008-08-27 09:31:12','North Mandyberg',1),(33,'','1992-03-09',3,'2019-05-06 21:08:36','Tristianside',0),(34,'','2021-01-29',4,'1981-03-12 09:42:13','Riverfurt',0),(35,'','2003-06-22',5,'2016-03-27 21:13:16','East Delmerton',1),(36,'','2016-06-07',6,'1994-07-23 05:08:06','Glovershire',0),(37,'','1974-05-09',7,'2020-10-04 00:56:17','Robertoborough',0),(38,'','1987-10-25',8,'1994-02-20 20:25:39','West Freemanberg',1),(39,'','1998-08-15',9,'1984-12-26 22:31:59','West Katelinview',1),(40,'','1974-08-02',10,'2016-10-23 17:28:16','Jakubowskimouth',1),(41,'','1985-04-27',1,'2018-09-07 07:57:09','Hannahtown',1),(42,'','1976-12-07',2,'1995-08-04 19:35:23','West Joannie',0),(43,'','2018-08-27',3,'1991-12-06 01:42:38','West Nikoport',1),(44,'','1977-08-15',4,'2010-12-24 19:39:08','Mayerhaven',1),(45,'','1970-04-08',5,'2002-04-10 16:42:56','Raphaelleburgh',1),(46,'','1990-04-16',6,'2021-02-13 19:45:55','Sanfordburgh',1),(47,'','1987-10-22',7,'1994-05-15 08:29:30','Bentonburgh',0),(48,'','2020-02-15',8,'1986-01-06 11:29:30','Solonfort',0),(49,'','1995-03-06',9,'2014-05-14 23:48:08','Dextershire',0),(50,'','1970-07-09',10,'2009-03-02 13:08:42','Rowanborough',1),(51,'','1990-07-08',1,'2012-05-28 02:05:33','West Emmanuellebury',0),(52,'','2010-08-17',2,'1971-11-03 16:03:24','Houstonstad',1),(53,'','1988-11-01',3,'1982-12-04 16:33:43','Wisozkside',1),(54,'','2018-08-10',4,'2012-08-05 11:42:31','Lake Pasquale',1),(55,'','2018-10-10',5,'1979-06-25 22:16:28','Port Staceyhaven',1),(56,'','1986-07-25',6,'1971-04-26 13:15:22','Boyertown',0),(57,'','1975-08-22',7,'1995-07-31 08:41:38','Millerport',0),(58,'','1994-05-02',8,'2014-03-27 15:34:40','Port Corenemouth',1),(59,'','2013-06-15',9,'2011-01-12 01:32:30','Emmerichbury',1),(60,'','1991-03-16',10,'2003-04-30 22:24:57','South Adam',0),(61,'','1984-11-09',1,'1997-09-19 18:14:02','East Nathanaelside',0),(62,'','1992-12-11',2,'2002-02-28 15:43:12','Morissetteton',0),(63,'','1984-03-13',3,'1994-06-27 00:36:07','Kassulkefurt',1),(64,'','1998-03-24',4,'2019-08-05 02:25:12','Port Viva',1),(65,'','2006-02-07',5,'1972-02-17 17:33:23','Reillyberg',0),(66,'','1981-12-21',6,'1983-05-30 11:31:36','South Obieland',0),(67,'','2015-05-12',7,'1973-01-25 23:07:13','Braunhaven',1),(68,'','1970-08-28',8,'2007-11-06 14:56:19','Walterchester',0),(69,'','2017-09-03',9,'1989-03-07 20:46:24','Torpview',0),(70,'','2006-07-29',10,'1976-04-13 08:16:57','Reichelview',1),(71,'','2006-02-04',1,'1995-07-14 13:11:22','Wiegandview',1),(72,'','1996-10-21',2,'2018-03-30 12:32:00','Meghanchester',0),(73,'','1973-04-30',3,'1976-04-26 21:07:08','Mooreside',1),(74,'','2001-11-19',4,'1976-06-13 11:37:31','Assuntaview',0),(75,'','1984-05-19',5,'1994-03-19 11:43:26','East Kariane',0),(76,'','2010-05-25',6,'1990-03-14 18:53:41','New Rodrigo',1),(77,'','2011-09-19',7,'2020-08-02 20:04:12','East Ludie',0),(78,'','2015-03-20',8,'1983-02-12 05:09:22','West Ross',0),(79,'','2017-12-28',9,'1995-03-26 23:30:50','Alyciaburgh',1),(80,'','1982-01-25',10,'2003-12-20 00:59:09','Dedrickchester',1),(81,'','1982-05-25',1,'1976-04-10 00:51:20','Gutkowskichester',0),(82,'','2013-02-18',2,'2015-01-25 20:14:51','West Zora',0),(83,'','2003-01-06',3,'1990-07-31 01:48:25','Grimestown',0),(84,'','2000-01-10',4,'1980-01-31 06:11:03','Schuppestad',1),(85,'','2000-05-19',5,'2007-11-02 19:16:25','Haleyburgh',1),(86,'','1974-05-01',6,'1988-12-11 21:47:40','West Eino',0),(87,'','1970-09-04',7,'1989-05-16 22:43:52','East Graysonside',0),(88,'','2020-11-16',8,'1985-05-08 07:08:18','O\'Haraville',0),(89,'','1998-10-14',9,'2005-09-24 05:15:52','Lorineland',0),(90,'','1986-11-18',10,'1982-08-28 19:55:27','Peteton',0),(91,'','1984-08-22',1,'1970-11-25 21:54:26','Boehmmouth',1),(92,'','2018-11-15',2,'1983-08-04 04:35:32','Kirstinview',0),(93,'','2016-03-05',3,'1994-03-02 08:59:17','Reichertberg',0),(94,'','2015-08-08',4,'1992-09-19 01:33:59','North Cloyd',1),(95,'','2016-08-27',5,'2003-04-28 06:59:07','North Osbaldotown',0),(96,'','1978-07-28',6,'1980-10-30 13:47:16','South Jordyn',1),(97,'','1999-07-07',7,'2017-12-29 15:51:52','West Ernestinamouth',1),(98,'','1999-06-06',8,'1992-02-11 11:26:54','Fredaburgh',1),(99,'','2010-08-23',9,'2020-07-16 05:29:38','Bauchchester',1),(100,'','1978-03-06',10,'2007-11-26 04:51:38','Devynland',0);
/*!40000 ALTER TABLE `profiles` ENABLE KEYS */;
UNLOCK TABLES;

--
-- Table structure for table `users`
--

DROP TABLE IF EXISTS `users`;
/*!40101 SET @saved_cs_client     = @@character_set_client */;
/*!40101 SET character_set_client = utf8 */;
CREATE TABLE `users` (
  `id` bigint(20) unsigned NOT NULL AUTO_INCREMENT,
  `firstname` varchar(50) COLLATE utf8mb4_unicode_ci DEFAULT NULL,
  `lastname` varchar(50) COLLATE utf8mb4_unicode_ci DEFAULT NULL COMMENT '',
  `email` varchar(120) COLLATE utf8mb4_unicode_ci DEFAULT NULL,
  `password_hash` varchar(100) COLLATE utf8mb4_unicode_ci DEFAULT NULL,
  `phone` bigint(20) unsigned DEFAULT NULL,
  PRIMARY KEY (`id`),
  UNIQUE KEY `email` (`email`),
  UNIQUE KEY `phone` (`phone`),
  KEY `users_firstname_lastname_idx` (`firstname`,`lastname`)
) ENGINE=InnoDB AUTO_INCREMENT=101 DEFAULT CHARSET=utf8mb4 COLLATE=utf8mb4_unicode_ci COMMENT='';
/*!40101 SET character_set_client = @saved_cs_client */;

--
-- Dumping data for table `users`
--

LOCK TABLES `users` WRITE;
/*!40000 ALTER TABLE `users` DISABLE KEYS */;
INSERT INTO `users` VALUES (1,'Katrina','Miller','estell.bartoletti@example.net','38645541ffc82f8ecc285503bc07dc3a9ae65b67',79161664025),(2,'Jess','Greenholt','leland.keeling@example.com','e9234ebbd16367e71a3162d60901349aca662520',79161745589),(3,'Everardo','Wintheiser','ulices62@example.net','2219ac350a22fd33730eee7302df59ee81859ae3',79166427311),(4,'Darrion','Russel','weldon.harvey@example.org','b2a36b6c7f10690921be8171a0000d70e285ac26',79163469735),(5,'Melvin','Goldner','grimes.rahul@example.net','4e7af0ceaee1ccf982de5a2ef8c968ab10d49497',79168450392),(6,'Meagan','Will','cormier.magdalena@example.net','d4c82814dadf3c0e970f35b9d9e5dbb6f560e552',79164582845),(7,'Adell','Gerlach','mona74@example.com','bae0b609b2281c5a661ea0023955401933651269',79164648118),(8,'Camryn','Becker','bechtelar.nakia@example.org','7885bbc2b30b51faae66d908d8a136d3bd4c9b41',79165270143),(9,'Alexander','Hartmann','cspinka@example.org','0bd0bb603a506c0e4b06c2af2b4bf69884dfc8ea',79164426543),(10,'Althea','Homenick','wilderman.forest@example.net','456e8f801e7b21e127a22072bd0f72c8fab95faa',79165292528),(11,'Major','Hagenes','kihn.freda@example.net','74e936ce5d9df8bab2b1933547353f1809147eef',79164638702),(12,'Joshuah','Heathcote','willie.brown@example.com','b16e5bb39f42977f8d67ebc9570f69e3eab86f4d',79163761400),(13,'Sophia','Labadie','bogisich.clifton@example.org','c8ec6d5902d5e2288706dcf5102f96dac53b025f',79166963086),(14,'Jacky','Bashirian','hilpert.cali@example.org','aa63ddf16baa8b848bafc007de1905f10027f3ff',79165095074),(15,'Litzy','Kutch','bergnaum.jaclyn@example.net','b4dd0b4dc51eaa56e28212a30f064e9e02986423',79162553523),(16,'Erna','Gulgowski','merle12@example.org','9ed6edc34f9d013ddffae226210f40f4cd049721',79167792118),(17,'Unique','Pfeffer','danika94@example.org','77c91d673cf9bbe21b7fdf96c6428982999c18be',79165855933),(18,'Ryder','Daugherty','bernie64@example.com','b8c7786301c2ed954c6ee76995df1fcae340a396',79164248683),(19,'Blaise','Bruen','nolan.tania@example.org','f676313d6961f0491eff7472fd11f4b617699b72',79165770418),(20,'D\'angelo','Morar','rosalind.spinka@example.net','357e51e34b24fc77d38e8206be0b3766b7ee7564',79160040501),(21,'Lolita','Franecki','mariam.beer@example.net','c8a3b937c95f3f7309f9d697a4a4e341523aa089',79165978066),(22,'Manuela','Fay','meredith70@example.net','2335153b1469735570cb679a50f887e7b0cf8a9b',79162471814),(23,'Christine','Stamm','richard60@example.com','ec145c4f6e61a34f8a6bca124fea3922246a8250',79168759310),(24,'Wallace','Cassin','gottlieb.orlando@example.net','7dfd98b622d373493b5abd7248e644cca144c11e',79165203200),(25,'Isom','Balistreri','jaquan57@example.com','acd459b00a323d86794e8ced257fcecf3af9f935',79167358699),(26,'Alta','Heidenreich','dkuphal@example.com','d003e8f8826d3cf4a0b754df14d4e6c46dd7cd68',79164901436),(27,'Edythe','Powlowski','rprohaska@example.org','b128aeb70ea95b9aceb7bee1699e8a676eafd9a4',79161563203),(28,'Earline','Koss','bergstrom.loyal@example.net','71ad0589ffe484be6cbe94d8e77d7457670ddd91',79168771301),(29,'Vanessa','Spencer','jeanie15@example.org','f2af2aa3fccbc3cbc7d664217f7943d9621cac74',79167087749),(30,'Filomena','Hoppe','ykulas@example.net','402133b9794e1cfea98ec63814ed198e26bb9eeb',79168141848),(31,'Aiden','Prosacco','thad.kshlerin@example.net','3eacc439812f5d6be841532030bbbf8c05a20efb',79165645838),(32,'Sid','Kautzer','selmer.becker@example.com','af260c022df5cba88fce26cb630f706c1d0de69b',79167464091),(33,'Damion','Murazik','ervin.dach@example.net','8190acf6f3e64d47eb74f4b27e62755dd0ef75b4',79165248843),(34,'Berry','Dietrich','phermiston@example.com','78b020d844f08c005a699ee7acbc3aa93a2f94dc',79164869009),(35,'Cooper','Jaskolski','anika.legros@example.com','2a353967ceaa0324db6b878f31080733b27e1db0',79167786533),(36,'Alek','Heidenreich','hartmann.jonathon@example.net','618c86bbf29bafcfd1af223fe56ed26474e53da6',79162485555),(37,'Otto','Walter','ahmed57@example.net','c383cfa737af1b9147654f440921bf444dcf2c6c',79160256596),(38,'Marilou','Schoen','lucienne08@example.com','aabc90cc2c9b8ca0f996f3f2b61e7fa4595492ce',79166950032),(39,'Roberta','Conn','tillman.metz@example.net','1102510fc9747a9c2f7a27f8dd7fca0226612067',79167866484),(40,'Imelda','Parisian','veum.clifford@example.org','1267ebbb88cbf002a0a8d2ecffa3acfe1df66034',79160015189),(41,'Geovanni','Mante','olangosh@example.org','e7c4792f6503edb8d1f3e7ec85161b7e66e8a0ef',79165042387),(42,'Clifton','Jacobson','aron.lowe@example.net','d0527bf6c5da30370f2a283da99fe5991d8bd00f',79162660363),(43,'Malcolm','Pfeffer','melisa02@example.net','385f4100725b93723600a3efce2d0141497dae10',79161984901),(44,'Mattie','Rempel','goyette.katarina@example.com','71a23c6760d54c0b38dba42a9d9d8c78636f13b0',79167418964),(45,'Arch','Beier','cbaumbach@example.org','f2e1bfaf4c58012ce7cc5f2db4cd14dbb322cae6',79161490494),(46,'Caleigh','Wolff','effie.turner@example.com','4cf9a3f3674e57e3bccab62c814c267bcf9c2c17',79162623693),(47,'Amelia','Fadel','dannie34@example.org','47943550d9dbfe70afec141c83065fc84ecaae43',79160091181),(48,'Juwan','Hickle','luettgen.tina@example.org','942dbb9184a0b0ec86e9157b849f6d3d4e80400d',79163776932),(49,'Elvis','Fadel','emmerich.amalia@example.org','3b782d0b224070c340d7e0d1a309260c8b4ee2f7',79164279071),(50,'Allan','Mueller','shills@example.com','228a50f3e0aaca018b9cbb5a5a1d8d3ec2985b38',79165774540),(51,'Susana','Oberbrunner','morris.gerhold@example.com','3fedd88d7c609ce2b751fa336f3fb11158ebe279',79167789720),(52,'Dale','Jenkins','mohammed.orn@example.org','c2255726035bc9c8ccc3ab30b2a320310b7c103c',79161893204),(53,'Angie','Treutel','oberbrunner.may@example.com','f63457af9d191192d8ead9cf42e62b52c901c2e7',79160378125),(54,'Keith','Rath','lucas.langosh@example.net','f894c4c82451dbf66b2f0cb9dc78d2f65b55f82d',79161901978),(55,'Adolphus','Aufderhar','runolfsson.stewart@example.com','9a5f776cc202d7a926dbef4a2e8ad49141621ca4',79165243661),(56,'Ewell','O\'Hara','rhiannon44@example.com','9a516ebf99e3167ea67843ae38e193ad140beb15',79161164320),(57,'Armand','Witting','orn.randall@example.org','20bb61b70cbed0dbb68f39109b8dd661a7f584bc',79165667067),(58,'Sister','Orn','lubowitz.elias@example.net','dcbf08bc5cca9a22c2ca133fb446f41387ae1d89',79165285144),(59,'Margaret','Larkin','egoodwin@example.net','911d6123048dcf2b46a460f31e8a09b9072fa53b',79167515402),(60,'Boyd','Rodriguez','lorena59@example.net','0b8eaa575037856971fb9a2404d81def4348a6b3',79162257867),(61,'Osborne','Rath','gonzalo87@example.org','8d6bb61e7209ecddb692bc3513bac5b9d114ee74',79168410520),(62,'Keara','Connelly','corwin.rosalee@example.com','2d9137e655dce8353cbd8aa9a4d347de647cce9d',79163114386),(63,'Clementine','Oberbrunner','jerde.pat@example.org','e4bbbf5ec4a125a261ea5a4c58d7028981e6ac53',79163434001),(64,'Gillian','Toy','lula.gerlach@example.com','1c1a8fe9ad2db20bfc15bce6787276106fc2fecd',79167536399),(65,'Lazaro','Ferry','walker.jerod@example.com','d44902de5f7e3be4dddda35885d26683a07b4d1a',79163943161),(66,'Orlando','Sauer','jon76@example.org','884a68e067f811f757426616880b02d5bc3dd41e',79161082525),(67,'Rasheed','Schroeder','mschuster@example.com','f05b4522566931a47664c63bc58a50c238f72070',79163585010),(68,'Cory','Medhurst','amarvin@example.com','a4dcaaae81f4bb777d7f73336c745503e2a7a4b3',79161014538),(69,'Litzy','Hauck','eudora.morissette@example.net','522778ec69bc3d795fa584bd1fb158c646e5880f',79167461797),(70,'Meaghan','Mann','pgleichner@example.com','45304e91e9c71a11b933c92ed2037f07a7002fbf',79165059756),(71,'Elise','Green','carlie.blanda@example.net','0bbdf6a329b86d80878ae5145aafb0dc52b90fa5',79162136587),(72,'Marques','Waters','zschimmel@example.net','c3bfa94acf2e1297d9a42dd7cee92ab59143d49b',79164789098),(73,'Christopher','Romaguera','kconn@example.com','3892b5b38b04359b65bc56f6d26a5f99d24a3a31',79168250352),(74,'Reina','O\'Kon','jamar.kling@example.com','4c7590f86a6f3e30517008aa468cdca8a3d71cd0',79162199851),(75,'Cristopher','Donnelly','noel.nikolaus@example.com','8bc0ce299ab75435fb0062c09b0dabea696e4d36',79168285350),(76,'Rachel','Cruickshank','metz.adalberto@example.org','9bd66c2d1c071ceca0760a3d6b109fc3fa36112c',79166004101),(77,'Marietta','Blanda','brandon.wuckert@example.net','0dbe44ddd66d4c50d355cb349f19c93d6f34bf43',79162695670),(78,'Loyal','Stanton','gianni05@example.com','15265549602bff678d201aed2ed09ce380587d55',79168557458),(79,'Hank','Stanton','angeline80@example.com','1869f0027bc38f3384aa34bfdc2acbf863e72ac6',79167898338),(80,'Ray','Weissnat','lebsack.ottilie@example.com','cc083cafef1ea9ecb6995555b967d54590feb3f9',79161314123),(81,'Ryder','Pfannerstill','zmetz@example.net','f1e339ab05f7e4b32a032c9a78396cd4cf49aa72',79160011557),(82,'Emilie','Ratke','cruickshank.vivianne@example.org','0ea43f073bbac97294c5d854a55ac9e3bc79d6e6',79165945977),(83,'Carli','Cartwright','ahilll@example.org','2ee3a4f355fa66f886924e4e729dc01660c1b1a5',79161126898),(84,'Friedrich','Johns','orion62@example.com','fa835697654626729443abfa7856e4de9e348c13',79165583498),(85,'Maria','Schaden','schroeder.angelina@example.net','b29b3508d27d52a8ae5681a15da3b3375e61e2ef',79160588161),(86,'Marilou','McCullough','quentin17@example.org','08ab3818685d65e1886361f694846c59929c3549',79162348547),(87,'Amalia','Hagenes','srunolfsson@example.com','ea33c5ab920729cf78b79b2fa3b6b4d7b628079f',79161595733),(88,'Cortez','Lindgren','nickolas.marks@example.net','cb4723dc16aaf393b7e9c46459ed5bbaf9d211fc',79162267701),(89,'Mona','Kassulke','rogahn.walker@example.net','249702cf6285d8789209f6069767a54b219ac3cd',79166319825),(90,'Flo','Wiza','zcronin@example.com','ecf71866cf7aa4db4ecd9fd6acb35070b141937d',79163789567),(91,'Odie','Olson','qzemlak@example.net','cfe6613bb2a46ada21dbf69cb3173d8f233aebb6',79167494541),(92,'Taryn','Lynch','adella.mayert@example.net','f755ae4e7a738cf2e67722eb7a36d146446c0085',79167125973),(93,'Hailey','Kassulke','barrows.tyrell@example.org','e8ed7d30254971d837c404d02da282ef91ffbf24',79165307758),(94,'Urban','Barrows','kennedy.dach@example.net','0cf9495e7aed38242481dff7480f286482e568aa',79162350386),(95,'Richie','Gibson','vbeatty@example.com','932a244bf45f46b0c442596199e6c861cb889b85',79166452081),(96,'Retha','Lowe','kobe.heller@example.net','e46727947867f666411233de445bb7101c490579',79163502106),(97,'Abbie','Mante','ckuhlman@example.net','beeef59486496d081c593e1dc6fc233b0191934f',79168168443),(98,'Lorenza','Lesch','xlarkin@example.org','cda05b27ff0ae9ab4de796f97ab7b11f0d5a94d4',79162385650),(99,'Gerson','Koepp','schulist.derick@example.com','816d3a89af1f77ef171d212462ec449eb93401a4',79163635362),(100,'Thea','Mayer','jannie75@example.net','7e0b0ed0abbad979715b6be8374349c90972e8b3',79163738684);
/*!40000 ALTER TABLE `users` ENABLE KEYS */;
UNLOCK TABLES;

--
-- Table structure for table `users_communities`
--

DROP TABLE IF EXISTS `users_communities`;
/*!40101 SET @saved_cs_client     = @@character_set_client */;
/*!40101 SET character_set_client = utf8 */;
CREATE TABLE `users_communities` (
  `user_id` bigint(20) unsigned NOT NULL,
  `community_id` bigint(20) unsigned NOT NULL,
  PRIMARY KEY (`user_id`,`community_id`),
  KEY `community_id` (`community_id`),
  CONSTRAINT `users_communities_ibfk_1` FOREIGN KEY (`user_id`) REFERENCES `users` (`id`),
  CONSTRAINT `users_communities_ibfk_2` FOREIGN KEY (`community_id`) REFERENCES `communities` (`id`)
) ENGINE=InnoDB DEFAULT CHARSET=utf8mb4 COLLATE=utf8mb4_unicode_ci;
/*!40101 SET character_set_client = @saved_cs_client */;

--
-- Dumping data for table `users_communities`
--

LOCK TABLES `users_communities` WRITE;
/*!40000 ALTER TABLE `users_communities` DISABLE KEYS */;
INSERT INTO `users_communities` VALUES (1,1),(2,2),(3,3),(4,4),(5,5),(6,6),(7,7),(8,1),(9,2),(10,3),(11,4),(12,5),(13,6),(14,7),(15,1),(16,2),(17,3),(18,4),(19,5),(20,6),(21,7),(22,1),(23,2),(24,3),(25,4),(26,5),(27,6),(28,7),(29,1),(30,2),(31,3),(32,4),(33,5),(34,6),(35,7),(36,1),(37,2),(38,3),(39,4),(40,5);
/*!40000 ALTER TABLE `users_communities` ENABLE KEYS */;
UNLOCK TABLES;
/*!40103 SET TIME_ZONE=@OLD_TIME_ZONE */;

/*!40101 SET SQL_MODE=@OLD_SQL_MODE */;
/*!40014 SET FOREIGN_KEY_CHECKS=@OLD_FOREIGN_KEY_CHECKS */;
/*!40014 SET UNIQUE_CHECKS=@OLD_UNIQUE_CHECKS */;
/*!40101 SET CHARACTER_SET_CLIENT=@OLD_CHARACTER_SET_CLIENT */;
/*!40101 SET CHARACTER_SET_RESULTS=@OLD_CHARACTER_SET_RESULTS */;
/*!40101 SET COLLATION_CONNECTION=@OLD_COLLATION_CONNECTION */;
/*!40111 SET SQL_NOTES=@OLD_SQL_NOTES */;

-- Dump completed on 2021-08-26 19:48:12
